user_id,item_id,rating,ATMOSPHERE,BUILDING,BUILDING_ELEVATOR,BUILDING_HALL,DECOR,ENTARTAINMENT,ENTARTAINMENT_CASINO,ENTARTAINMENT_SHOPPING,ENTARTAINMENT_SPA,EXPERIENCE,EXPERIENCE_CHECKIN,EXPERIENCE_COMPANY,EXPERIENCE_COMPLAINTS,EXPERIENCE_OCCASION,EXPERIENCE_RESERVATION,FLIGHT,FOOD_DRINKS,FOOD_FOOD,FOOD_FOOD_DESERT,FOOD_RESTAURANT,GENERAL,HOTEL,INTERNET,LOCATION,MONEY,PARKING,ROOM_BATHROOM,ROOM_BED,ROOM_CLEANLINESS,ROOM_EQUIPMENT,ROOM_INTERIOR,ROOM_OVERALL,ROOM_SMOKE,SERVICE,SERVICE_FRONT_DESK,SERVICE_MANAGEMENT,SERVICE_SECURITY,SERVICE_WAITER,SERVISE_MAID,SPORT_GYM,SPORT_POOL,TAXI
6hvcowqr8NYug9u-Bzw8Jg,fpL1qcZ6qbWzC79WU0E-Ug,2,NULL,NULL,NULL,NULL,NULL,0,NULL,NULL,NULL,NULL,0,NULL,NULL,NULL,NULL,NULL,NULL,0,NULL,0,NULL,-1,NULL,NULL,NULL,NULL,0,0,NULL,NULL,NULL,0,NULL,0,-1,NULL,NULL,NULL,NULL,NULL,0,NULL
oXuf9ZYDv2x_cjTo6E4q9A,fpL1qcZ6qbWzC79WU0E-Ug,2,NULL,NULL,0,NULL,NULL,NULL,NULL,NULL,NULL,NULL,0,0,NULL,0,NULL,NULL,NULL,NULL,NULL,0,NULL,NULL,NULL,1,NULL,NULL,NULL,0,NULL,NULL,1,0,NULL,NULL,NULL,NULL,NULL,NULL,NULL,NULL,NULL,NULL
77s2qg6JOqXy69stUku6ew,fpL1qcZ6qbWzC79WU0E-Ug,3,NULL,NULL,NULL,0,NULL,NULL,NULL,NULL,NULL,NULL,NULL,NULL,NULL,NULL,NULL,1,NULL,NULL,NULL,1,NULL,1,NULL,NULL,1,0,NULL,1,NULL,NULL,1,0,NULL,NULL,NULL,NULL,NULL,NULL,NULL,0,NULL,NULL
Hi7VohxSS5OBt98w4j8t4A,fpL1qcZ6qbWzC79WU0E-Ug,4,NULL,NULL,NULL,NULL,-1,NULL,NULL,NULL,NULL,NULL,NULL,NULL,-1,0,NULL,NULL,0,NULL,NULL,NULL,NULL,1,NULL,1,NULL,NULL,-1,-1,NULL,NULL,1,0,NULL,0,0,NULL,NULL,NULL,NULL,NULL,NULL,NULL
h-F86jvayp6CniMBR_ZtuQ,fpL1qcZ6qbWzC79WU0E-Ug,3,NULL,NULL,NULL,NULL,NULL,NULL,NULL,NULL,NULL,NULL,NULL,NULL,1,NULL,NULL,NULL,NULL,-1,NULL,NULL,NULL,0,NULL,NULL,-1,NULL,NULL,0,NULL,NULL,0,0,NULL,1,NULL,NULL,NULL,NULL,NULL,NULL,NULL,NULL
rIP5S5HZumKPx6ubpCN1NQ,fpL1qcZ6qbWzC79WU0E-Ug,4,NULL,NULL,NULL,-1,NULL,NULL,NULL,NULL,NULL,NULL,NULL,NULL,NULL,NULL,NULL,NULL,NULL,1,NULL,NULL,NULL,1,NULL,1,1,-1,NULL,NULL,NULL,NULL,1,1,NULL,1,NULL,NULL,NULL,NULL,NULL,NULL,1,NULL
NOyfIyoqSdFFLJC4G3Yngg,fpL1qcZ6qbWzC79WU0E-Ug,3,NULL,NULL,NULL,NULL,NULL,NULL,NULL,NULL,NULL,NULL,NULL,0,NULL,NULL,NULL,NULL,NULL,1,NULL,NULL,NULL,NULL,NULL,NULL,1,NULL,1,NULL,NULL,1,1,1,NULL,NULL,NULL,NULL,NULL,NULL,NULL,NULL,NULL,NULL
sEZvhiIjrJcLOdeB_ygOMQ,fpL1qcZ6qbWzC79WU0E-Ug,3,NULL,NULL,NULL,NULL,NULL,NULL,NULL,NULL,NULL,NULL,NULL,NULL,NULL,NULL,NULL,1,NULL,NULL,NULL,NULL,NULL,NULL,NULL,1,NULL,NULL,NULL,NULL,NULL,NULL,NULL,1,NULL,NULL,NULL,NULL,NULL,NULL,NULL,NULL,NULL,NULL
b1k4tWoA_ISD7wqu82l8rA,fpL1qcZ6qbWzC79WU0E-Ug,3,NULL,NULL,NULL,NULL,NULL,NULL,NULL,NULL,NULL,NULL,NULL,NULL,NULL,NULL,NULL,NULL,NULL,NULL,NULL,NULL,NULL,NULL,NULL,NULL,NULL,NULL,1,0,NULL,NULL,NULL,NULL,NULL,NULL,1,NULL,NULL,NULL,NULL,NULL,NULL,NULL
nWouNfZD3Pw08RYizxkqcA,_yfprBETaYgySkKyl8ZWMQ,4,NULL,NULL,NULL,NULL,NULL,NULL,NULL,NULL,NULL,NULL,NULL,NULL,NULL,NULL,NULL,NULL,NULL,NULL,NULL,NULL,NULL,0,NULL,NULL,NULL,NULL,NULL,NULL,NULL,NULL,NULL,NULL,NULL,-1,NULL,NULL,0,NULL,NULL,NULL,NULL,NULL
q9XgOylNsSbqZqF_SO3-OQ,_yfprBETaYgySkKyl8ZWMQ,4,NULL,NULL,NULL,NULL,NULL,0,NULL,NULL,NULL,NULL,NULL,NULL,NULL,NULL,NULL,NULL,0,NULL,NULL,NULL,1,1,NULL,NULL,NULL,NULL,NULL,NULL,1,NULL,NULL,NULL,NULL,NULL,NULL,NULL,NULL,NULL,NULL,NULL,0,NULL
mt3yjgHWkrUmijiLf9VFPA,_yfprBETaYgySkKyl8ZWMQ,4,NULL,NULL,NULL,1,NULL,NULL,NULL,NULL,NULL,NULL,NULL,NULL,NULL,1,NULL,NULL,0,NULL,NULL,NULL,NULL,1,NULL,NULL,-1,NULL,0,NULL,NULL,0,NULL,1,NULL,NULL,NULL,NULL,NULL,NULL,NULL,NULL,0,NULL
tF1qQ5Ik8tb1xtXcU-eW_A,_yfprBETaYgySkKyl8ZWMQ,3,NULL,NULL,NULL,NULL,1,NULL,NULL,NULL,NULL,NULL,NULL,NULL,NULL,NULL,NULL,NULL,NULL,NULL,NULL,NULL,NULL,1,NULL,NULL,NULL,NULL,NULL,NULL,NULL,NULL,NULL,-1,NULL,NULL,NULL,NULL,NULL,NULL,NULL,NULL,NULL,NULL
W_QXYA7A0IhMrvbckz7eVg,_yfprBETaYgySkKyl8ZWMQ,4,NULL,0,-1,NULL,NULL,NULL,NULL,NULL,NULL,1,NULL,NULL,NULL,1,NULL,NULL,NULL,NULL,NULL,NULL,NULL,1,NULL,NULL,NULL,NULL,NULL,NULL,NULL,NULL,NULL,1,NULL,NULL,0,NULL,NULL,NULL,NULL,NULL,NULL,NULL
EKwGhgLrM18ErVKKeYE2UA,_yfprBETaYgySkKyl8ZWMQ,3,NULL,NULL,NULL,NULL,NULL,NULL,NULL,NULL,NULL,NULL,NULL,NULL,NULL,0,NULL,NULL,NULL,NULL,NULL,NULL,NULL,1,NULL,NULL,1,NULL,NULL,NULL,NULL,NULL,NULL,NULL,NULL,NULL,NULL,NULL,NULL,NULL,NULL,NULL,NULL,NULL
XBHJCDzNh--mBhJkzyM_iA,_yfprBETaYgySkKyl8ZWMQ,4,NULL,NULL,NULL,NULL,NULL,NULL,NULL,NULL,NULL,NULL,NULL,NULL,NULL,0,NULL,NULL,1,NULL,NULL,NULL,NULL,1,NULL,NULL,NULL,NULL,NULL,NULL,1,NULL,NULL,1,NULL,1,NULL,NULL,NULL,NULL,NULL,NULL,NULL,NULL
z6OGpPPnGNDTOsLhf4KVzA,_yfprBETaYgySkKyl8ZWMQ,4,NULL,NULL,NULL,NULL,NULL,NULL,NULL,NULL,NULL,NULL,NULL,NULL,NULL,NULL,NULL,NULL,NULL,NULL,NULL,NULL,NULL,1,NULL,NULL,0,NULL,-1,1,1,1,NULL,-1,NULL,1,NULL,NULL,NULL,NULL,NULL,NULL,0,NULL
Ohko8xl3GWX29VgcGQJLiA,_yfprBETaYgySkKyl8ZWMQ,3,NULL,NULL,NULL,NULL,NULL,0,NULL,NULL,NULL,NULL,NULL,NULL,NULL,NULL,NULL,NULL,1,NULL,NULL,NULL,NULL,0,NULL,NULL,NULL,NULL,NULL,NULL,NULL,NULL,NULL,NULL,NULL,NULL,NULL,NULL,NULL,NULL,NULL,NULL,1,NULL
Q48KMGa7gNIUvS-GjsesCg,_yfprBETaYgySkKyl8ZWMQ,2,NULL,0,NULL,NULL,NULL,NULL,NULL,NULL,NULL,NULL,NULL,NULL,-1,0,NULL,NULL,NULL,NULL,NULL,NULL,NULL,NULL,NULL,NULL,-1,NULL,-1,NULL,NULL,0,0,0,0,1,NULL,NULL,NULL,NULL,1,NULL,NULL,NULL
v5k-__wHo2xPI25WO-dcQA,_yfprBETaYgySkKyl8ZWMQ,4,NULL,NULL,NULL,NULL,1,NULL,NULL,NULL,NULL,0,NULL,1,-1,NULL,NULL,NULL,0,NULL,NULL,NULL,1,0,NULL,NULL,1,NULL,-1,1,0,0,NULL,0,NULL,1,0,NULL,NULL,NULL,-1,NULL,0,NULL
Bmzq_nkjYqp8aWn12RJdhA,_yfprBETaYgySkKyl8ZWMQ,3,NULL,NULL,NULL,NULL,NULL,NULL,NULL,NULL,NULL,NULL,NULL,NULL,NULL,NULL,NULL,NULL,NULL,NULL,NULL,NULL,NULL,NULL,NULL,NULL,NULL,NULL,NULL,NULL,NULL,NULL,0,NULL,NULL,NULL,NULL,NULL,NULL,NULL,NULL,NULL,-1,NULL
Iw5Nk3gtsoplSkgKiBK-1A,_yfprBETaYgySkKyl8ZWMQ,2,NULL,NULL,NULL,NULL,NULL,NULL,NULL,NULL,NULL,NULL,NULL,NULL,NULL,NULL,NULL,NULL,NULL,NULL,NULL,NULL,NULL,1,NULL,NULL,1,NULL,1,NULL,NULL,NULL,0,1,NULL,1,NULL,NULL,NULL,NULL,NULL,NULL,NULL,NULL
yeSRxEDtWpdI1Oc2TsX3xw,_yfprBETaYgySkKyl8ZWMQ,2,NULL,NULL,NULL,1,NULL,NULL,NULL,1,NULL,NULL,NULL,0,NULL,0,NULL,-1,0,NULL,NULL,NULL,1,-1,0,NULL,1,NULL,0,0,0,NULL,0,0,NULL,NULL,0,NULL,NULL,NULL,NULL,NULL,NULL,NULL
0PcaeCbEUzDigxAkC3pJ9Q,_yfprBETaYgySkKyl8ZWMQ,3,NULL,NULL,NULL,NULL,NULL,NULL,NULL,NULL,NULL,NULL,NULL,NULL,NULL,NULL,NULL,NULL,1,1,NULL,NULL,NULL,1,NULL,1,0,NULL,0,NULL,NULL,NULL,NULL,1,NULL,NULL,NULL,NULL,NULL,NULL,NULL,NULL,0,NULL
auVkTXPmA8o3oU8barlBSw,_yfprBETaYgySkKyl8ZWMQ,3,NULL,NULL,0,0,-1,NULL,NULL,NULL,NULL,NULL,NULL,NULL,NULL,NULL,NULL,NULL,NULL,NULL,NULL,NULL,NULL,1,NULL,1,1,NULL,-1,NULL,1,NULL,1,NULL,NULL,NULL,NULL,NULL,NULL,NULL,NULL,NULL,1,NULL
ajlsUu-QukZC8P4qD8iI2A,_yfprBETaYgySkKyl8ZWMQ,1,NULL,NULL,NULL,NULL,NULL,NULL,NULL,NULL,NULL,NULL,0,NULL,NULL,NULL,NULL,NULL,NULL,NULL,NULL,NULL,NULL,0,NULL,0,NULL,NULL,1,NULL,NULL,NULL,0,NULL,NULL,NULL,NULL,NULL,NULL,NULL,NULL,NULL,0,NULL
w2cd1q5PI9hHfv6yeCFagg,_yfprBETaYgySkKyl8ZWMQ,4,NULL,NULL,NULL,NULL,NULL,NULL,NULL,NULL,NULL,NULL,NULL,NULL,NULL,NULL,NULL,NULL,NULL,NULL,NULL,NULL,NULL,1,NULL,NULL,NULL,0,NULL,NULL,NULL,NULL,NULL,NULL,NULL,NULL,NULL,NULL,NULL,NULL,NULL,NULL,-1,NULL
_UAyLUAFAe8lnry2NEfVGA,_yfprBETaYgySkKyl8ZWMQ,3,NULL,NULL,NULL,NULL,NULL,NULL,NULL,NULL,NULL,NULL,NULL,NULL,NULL,NULL,NULL,NULL,NULL,NULL,NULL,NULL,NULL,0,NULL,NULL,0,0,NULL,NULL,NULL,NULL,NULL,NULL,NULL,NULL,NULL,NULL,NULL,NULL,NULL,NULL,NULL,NULL
iLQzLLo9q_Zx6FpgmVgA-w,_yfprBETaYgySkKyl8ZWMQ,4,NULL,NULL,1,NULL,NULL,NULL,NULL,NULL,NULL,NULL,NULL,0,NULL,NULL,NULL,NULL,NULL,NULL,NULL,NULL,NULL,0,NULL,1,NULL,NULL,-1,1,NULL,NULL,-1,-1,1,NULL,NULL,NULL,NULL,NULL,NULL,NULL,1,NULL
ApQgY6e9lJip6Yu28V7uGA,_yfprBETaYgySkKyl8ZWMQ,4,NULL,NULL,NULL,NULL,NULL,NULL,NULL,NULL,NULL,NULL,NULL,NULL,-1,1,-1,NULL,1,1,NULL,NULL,1,1,NULL,NULL,NULL,NULL,NULL,NULL,NULL,NULL,NULL,0,NULL,1,NULL,NULL,NULL,NULL,NULL,NULL,NULL,NULL
EnvG_kewvG5PqUqNSgs9Iw,_yfprBETaYgySkKyl8ZWMQ,4,NULL,NULL,NULL,NULL,NULL,0,NULL,NULL,NULL,NULL,NULL,NULL,1,NULL,NULL,NULL,0,NULL,NULL,NULL,NULL,0,NULL,NULL,NULL,NULL,0,1,NULL,NULL,NULL,0,NULL,0,NULL,NULL,NULL,NULL,NULL,NULL,-1,NULL
ho7cWkUqMs1yu43wMqoheA,_yfprBETaYgySkKyl8ZWMQ,4,NULL,NULL,NULL,NULL,NULL,NULL,NULL,NULL,NULL,1,NULL,NULL,NULL,NULL,NULL,NULL,NULL,NULL,NULL,NULL,NULL,0,NULL,NULL,1,NULL,0,NULL,NULL,NULL,1,NULL,NULL,NULL,NULL,NULL,NULL,NULL,NULL,NULL,1,NULL
zrBmkDDLS94GYexyp0LyqQ,_yfprBETaYgySkKyl8ZWMQ,3,NULL,NULL,NULL,NULL,NULL,NULL,NULL,NULL,NULL,NULL,NULL,NULL,NULL,NULL,NULL,NULL,NULL,NULL,NULL,NULL,NULL,NULL,NULL,NULL,1,1,-1,NULL,NULL,NULL,NULL,1,1,0,0,NULL,NULL,NULL,NULL,NULL,NULL,NULL
Gj_398oemu73V9DEFSYZjg,_yfprBETaYgySkKyl8ZWMQ,1,NULL,NULL,NULL,NULL,NULL,NULL,NULL,NULL,NULL,NULL,NULL,NULL,NULL,NULL,NULL,NULL,0,NULL,NULL,NULL,NULL,NULL,NULL,NULL,NULL,NULL,NULL,NULL,NULL,NULL,NULL,NULL,NULL,NULL,NULL,NULL,NULL,NULL,NULL,NULL,NULL,NULL
dDIuWlsPMuUELPuIPlWg_w,_yfprBETaYgySkKyl8ZWMQ,2,NULL,NULL,1,1,NULL,NULL,NULL,NULL,NULL,NULL,NULL,NULL,NULL,NULL,NULL,NULL,NULL,NULL,NULL,NULL,NULL,1,NULL,NULL,NULL,1,NULL,NULL,NULL,NULL,NULL,0,NULL,-1,1,NULL,NULL,1,NULL,NULL,NULL,NULL
rjlb-7-JcmM6fR64ZpyTug,_yfprBETaYgySkKyl8ZWMQ,2,NULL,NULL,NULL,NULL,NULL,NULL,NULL,NULL,NULL,NULL,NULL,NULL,NULL,NULL,NULL,NULL,NULL,NULL,NULL,NULL,NULL,0,NULL,NULL,NULL,-1,NULL,1,NULL,NULL,NULL,0,NULL,0,0,0,NULL,NULL,NULL,NULL,NULL,NULL
76H2ZLgglkXNTRId8-jg4g,_yfprBETaYgySkKyl8ZWMQ,1,NULL,NULL,NULL,-1,NULL,NULL,NULL,NULL,NULL,NULL,-1,NULL,-1,NULL,NULL,NULL,NULL,NULL,NULL,NULL,NULL,0,NULL,NULL,1,NULL,NULL,NULL,NULL,NULL,-1,0,NULL,NULL,0,-1,-1,NULL,NULL,NULL,NULL,NULL
oHHtTyZe4OZ_lwqJUPkiIg,_yfprBETaYgySkKyl8ZWMQ,5,NULL,NULL,NULL,NULL,NULL,NULL,NULL,NULL,NULL,NULL,NULL,NULL,-1,NULL,NULL,NULL,1,NULL,NULL,NULL,NULL,0,NULL,NULL,NULL,NULL,1,NULL,NULL,NULL,NULL,0,NULL,1,NULL,NULL,NULL,NULL,NULL,NULL,NULL,NULL
VpURV1vP5Uit5_eHaCmd8w,_yfprBETaYgySkKyl8ZWMQ,2,NULL,NULL,NULL,NULL,NULL,NULL,NULL,NULL,NULL,NULL,NULL,NULL,NULL,NULL,NULL,NULL,0,NULL,NULL,NULL,NULL,0,NULL,NULL,NULL,NULL,-1,NULL,-1,NULL,NULL,0,NULL,NULL,NULL,NULL,NULL,NULL,NULL,NULL,NULL,NULL
_-IoPDJhQGB7DrW8ST_3bg,_yfprBETaYgySkKyl8ZWMQ,2,NULL,NULL,NULL,NULL,NULL,NULL,NULL,NULL,NULL,NULL,NULL,NULL,NULL,0,NULL,NULL,NULL,NULL,NULL,NULL,NULL,0,NULL,NULL,NULL,NULL,NULL,NULL,NULL,NULL,0,0,NULL,NULL,NULL,NULL,NULL,NULL,NULL,NULL,0,NULL
muU7S-YE8D3FM5KgxOtFCw,_yfprBETaYgySkKyl8ZWMQ,2,NULL,NULL,NULL,0,NULL,NULL,0,NULL,NULL,NULL,NULL,NULL,NULL,NULL,NULL,NULL,NULL,NULL,NULL,NULL,NULL,-1,NULL,NULL,1,0,NULL,NULL,NULL,NULL,NULL,-1,NULL,NULL,NULL,NULL,NULL,NULL,NULL,NULL,NULL,NULL
VqoZ6_dh4nPGJP9H_XsweQ,_yfprBETaYgySkKyl8ZWMQ,5,NULL,NULL,-1,1,NULL,NULL,NULL,NULL,NULL,NULL,0,NULL,NULL,NULL,NULL,NULL,NULL,NULL,NULL,NULL,1,1,NULL,NULL,1,0,0,1,NULL,NULL,0,-1,-1,1,1,1,NULL,NULL,NULL,NULL,NULL,NULL
2iTc9BwAgCR9STqEquurWQ,_yfprBETaYgySkKyl8ZWMQ,4,NULL,NULL,NULL,NULL,NULL,NULL,NULL,NULL,NULL,NULL,NULL,NULL,NULL,NULL,NULL,NULL,NULL,NULL,NULL,NULL,NULL,1,NULL,NULL,NULL,NULL,NULL,NULL,NULL,NULL,NULL,NULL,NULL,1,NULL,NULL,NULL,NULL,NULL,NULL,1,NULL
Pv5K9MFccM3cOrqUgiNjBg,jYsa5qLFZxhVtwDHZMW-SA,4,NULL,NULL,NULL,NULL,NULL,NULL,NULL,0,NULL,NULL,NULL,NULL,NULL,1,NULL,NULL,NULL,NULL,NULL,0,NULL,1,NULL,1,1,NULL,NULL,NULL,NULL,NULL,NULL,1,NULL,NULL,NULL,NULL,NULL,NULL,NULL,NULL,0,NULL
9W_MeofBxF0lEzdKQMN9uQ,jYsa5qLFZxhVtwDHZMW-SA,4,NULL,NULL,NULL,NULL,NULL,NULL,NULL,NULL,0,NULL,NULL,NULL,NULL,NULL,NULL,NULL,NULL,1,NULL,NULL,NULL,NULL,NULL,NULL,NULL,NULL,NULL,-1,NULL,0,-1,0,NULL,1,NULL,NULL,NULL,NULL,NULL,0,1,NULL
yR3jLGMZ1ug7zdPI_xKgTA,jYsa5qLFZxhVtwDHZMW-SA,5,NULL,NULL,NULL,NULL,NULL,NULL,NULL,NULL,NULL,NULL,NULL,NULL,NULL,NULL,NULL,NULL,NULL,1,NULL,NULL,NULL,NULL,NULL,NULL,NULL,NULL,NULL,NULL,NULL,NULL,NULL,NULL,NULL,1,NULL,NULL,NULL,NULL,NULL,NULL,NULL,NULL
CgROmaaqbXJp1osE7PY49Q,jYsa5qLFZxhVtwDHZMW-SA,5,NULL,NULL,NULL,NULL,NULL,NULL,NULL,NULL,NULL,NULL,NULL,NULL,NULL,NULL,NULL,NULL,NULL,1,NULL,NULL,NULL,0,NULL,1,NULL,NULL,NULL,NULL,NULL,NULL,NULL,1,NULL,1,NULL,NULL,NULL,NULL,NULL,NULL,NULL,NULL
T-maPZJUOpwG9skIvYFxAQ,jYsa5qLFZxhVtwDHZMW-SA,4,NULL,NULL,NULL,NULL,NULL,NULL,NULL,NULL,NULL,NULL,NULL,NULL,NULL,NULL,NULL,NULL,NULL,1,NULL,NULL,NULL,NULL,NULL,NULL,1,1,NULL,NULL,NULL,NULL,NULL,1,NULL,1,NULL,NULL,NULL,NULL,NULL,NULL,NULL,NULL
xofFo7WFfHOkzbtoG6SgPg,jYsa5qLFZxhVtwDHZMW-SA,5,NULL,NULL,NULL,NULL,NULL,NULL,NULL,NULL,NULL,NULL,NULL,NULL,NULL,1,NULL,-1,1,0,NULL,NULL,NULL,1,1,1,-1,NULL,NULL,1,0,0,-1,1,NULL,1,NULL,NULL,NULL,NULL,1,NULL,NULL,NULL
jRs5yOnQ3LonN2_4RxX1yw,jYsa5qLFZxhVtwDHZMW-SA,1,NULL,NULL,NULL,NULL,NULL,NULL,NULL,NULL,NULL,NULL,NULL,NULL,NULL,NULL,NULL,NULL,NULL,NULL,NULL,NULL,NULL,NULL,NULL,NULL,-1,NULL,NULL,NULL,NULL,NULL,NULL,NULL,NULL,-1,NULL,NULL,NULL,NULL,NULL,NULL,NULL,NULL
y05bv65OCTcZgB0GhO8_sA,jYsa5qLFZxhVtwDHZMW-SA,5,NULL,NULL,NULL,NULL,NULL,NULL,NULL,NULL,NULL,NULL,NULL,NULL,NULL,NULL,NULL,NULL,NULL,NULL,NULL,NULL,NULL,NULL,NULL,1,NULL,NULL,NULL,NULL,NULL,NULL,NULL,1,NULL,1,NULL,NULL,NULL,NULL,NULL,NULL,NULL,NULL
PTTACvsRCsdawDqRDlW3EA,BSGcS1EWEkGP2LS1nOZGPA,2,NULL,NULL,NULL,NULL,NULL,NULL,NULL,NULL,NULL,NULL,NULL,NULL,NULL,NULL,NULL,NULL,0,0,NULL,NULL,NULL,NULL,NULL,-1,NULL,-1,-1,NULL,NULL,NULL,0,-1,NULL,1,NULL,NULL,NULL,NULL,NULL,NULL,NULL,NULL
hAd4_buGRvd6xtxPZZeybA,BSGcS1EWEkGP2LS1nOZGPA,1,NULL,NULL,NULL,NULL,NULL,NULL,NULL,NULL,NULL,NULL,NULL,NULL,NULL,NULL,NULL,NULL,NULL,NULL,NULL,NULL,NULL,NULL,NULL,NULL,NULL,NULL,NULL,1,1,NULL,NULL,-1,NULL,1,NULL,0,NULL,NULL,NULL,NULL,NULL,NULL
PHFyJ0kMuaQn7DuoWtcURg,BSGcS1EWEkGP2LS1nOZGPA,1,NULL,NULL,NULL,NULL,NULL,NULL,NULL,NULL,NULL,-1,NULL,NULL,NULL,NULL,NULL,NULL,NULL,NULL,NULL,NULL,NULL,0,NULL,NULL,NULL,NULL,NULL,NULL,NULL,NULL,NULL,-1,NULL,-1,NULL,-1,NULL,NULL,NULL,NULL,NULL,NULL
cMmQsFyrYBv6hIE6NffqZQ,BSGcS1EWEkGP2LS1nOZGPA,1,NULL,NULL,NULL,-1,NULL,NULL,NULL,NULL,NULL,NULL,NULL,NULL,NULL,NULL,NULL,NULL,NULL,1,NULL,NULL,NULL,-1,NULL,NULL,NULL,NULL,1,0,NULL,NULL,0,1,-1,1,NULL,-1,NULL,NULL,NULL,NULL,NULL,NULL
Df_GDATOdDbdS9Z0aEHK_w,BSGcS1EWEkGP2LS1nOZGPA,1,NULL,NULL,NULL,NULL,NULL,NULL,NULL,NULL,NULL,NULL,NULL,NULL,NULL,NULL,NULL,NULL,NULL,NULL,NULL,NULL,NULL,-1,NULL,NULL,NULL,NULL,NULL,NULL,NULL,NULL,NULL,NULL,NULL,0,NULL,0,NULL,NULL,NULL,NULL,NULL,NULL
WMeNhdLrui2sI-kdlettfw,BSGcS1EWEkGP2LS1nOZGPA,4,NULL,NULL,NULL,NULL,NULL,NULL,NULL,NULL,NULL,NULL,NULL,NULL,NULL,NULL,NULL,0,NULL,1,NULL,NULL,NULL,0,NULL,NULL,1,NULL,NULL,NULL,NULL,NULL,NULL,0,NULL,NULL,NULL,NULL,NULL,NULL,NULL,NULL,NULL,NULL
mOkjpDKjmcyO6W6CmabfIA,Lt-dQ0kUWFm0nDgLwdEo_g,3,NULL,NULL,NULL,NULL,NULL,NULL,NULL,NULL,NULL,NULL,NULL,NULL,NULL,NULL,NULL,NULL,NULL,1,1,NULL,NULL,1,NULL,NULL,1,NULL,NULL,NULL,NULL,0,0,0,NULL,1,NULL,NULL,NULL,NULL,NULL,0,NULL,NULL
d42T37_3iMNRrIbi1gq2_Q,Lt-dQ0kUWFm0nDgLwdEo_g,4,NULL,NULL,NULL,NULL,NULL,NULL,NULL,NULL,NULL,NULL,NULL,NULL,NULL,NULL,NULL,1,NULL,1,NULL,NULL,NULL,1,NULL,NULL,NULL,NULL,0,0,NULL,0,NULL,0,NULL,NULL,0,NULL,NULL,NULL,NULL,NULL,NULL,NULL
7ehaj98rVpM0z76Rs1eEKw,Lt-dQ0kUWFm0nDgLwdEo_g,2,NULL,NULL,NULL,NULL,NULL,NULL,NULL,NULL,NULL,NULL,NULL,NULL,-1,NULL,NULL,NULL,NULL,NULL,NULL,NULL,NULL,NULL,0,NULL,-1,0,0,NULL,NULL,0,NULL,1,NULL,1,-1,NULL,NULL,NULL,NULL,NULL,NULL,NULL
QXwoSi_A4OpOBsyc1AdIgQ,Lt-dQ0kUWFm0nDgLwdEo_g,2,NULL,1,1,NULL,NULL,NULL,NULL,NULL,NULL,NULL,NULL,NULL,NULL,NULL,NULL,NULL,NULL,NULL,NULL,NULL,NULL,-1,NULL,-1,NULL,NULL,NULL,1,NULL,-1,NULL,-1,NULL,1,-1,NULL,NULL,NULL,NULL,NULL,NULL,NULL
0a-ISXPjsyyNAMZfDbrKpw,Lt-dQ0kUWFm0nDgLwdEo_g,3,NULL,NULL,NULL,NULL,NULL,NULL,NULL,NULL,NULL,NULL,NULL,NULL,NULL,NULL,NULL,NULL,1,1,NULL,NULL,NULL,1,NULL,NULL,NULL,NULL,NULL,NULL,NULL,NULL,NULL,-1,NULL,1,NULL,NULL,NULL,NULL,NULL,-1,NULL,NULL
_TKHvI5i-NeRO87jL0IHfQ,Lt-dQ0kUWFm0nDgLwdEo_g,5,NULL,NULL,NULL,NULL,NULL,NULL,NULL,0,NULL,NULL,NULL,NULL,NULL,NULL,NULL,NULL,0,1,0,0,NULL,0,NULL,NULL,NULL,NULL,NULL,NULL,NULL,NULL,NULL,NULL,NULL,NULL,NULL,NULL,NULL,NULL,NULL,NULL,NULL,NULL
gmxFtUbG2hpBAKu7pAfi1g,Lt-dQ0kUWFm0nDgLwdEo_g,4,NULL,NULL,NULL,NULL,NULL,NULL,NULL,NULL,-1,NULL,NULL,NULL,-1,NULL,NULL,1,NULL,1,NULL,0,NULL,1,NULL,NULL,1,NULL,NULL,1,NULL,1,NULL,1,NULL,NULL,NULL,NULL,NULL,NULL,NULL,NULL,-1,NULL
rC5ZPQrnoYrbB-jO9-mKpw,Lt-dQ0kUWFm0nDgLwdEo_g,3,NULL,NULL,NULL,NULL,NULL,NULL,NULL,NULL,NULL,NULL,NULL,NULL,NULL,NULL,NULL,NULL,NULL,NULL,NULL,NULL,NULL,1,-1,1,NULL,NULL,NULL,NULL,NULL,NULL,NULL,1,NULL,NULL,NULL,NULL,NULL,NULL,NULL,NULL,NULL,NULL
Y_iDk0YlFos9BsFvQjzkBg,Lt-dQ0kUWFm0nDgLwdEo_g,4,NULL,NULL,NULL,NULL,NULL,NULL,NULL,NULL,NULL,NULL,NULL,NULL,NULL,NULL,NULL,1,NULL,1,NULL,NULL,NULL,1,NULL,NULL,1,NULL,NULL,NULL,NULL,NULL,NULL,1,NULL,1,NULL,NULL,NULL,NULL,NULL,NULL,-1,1
xcmaPQyLMb5gb8gVd_OF2A,Lt-dQ0kUWFm0nDgLwdEo_g,3,NULL,NULL,NULL,NULL,NULL,NULL,NULL,NULL,NULL,NULL,NULL,NULL,NULL,-1,NULL,1,-1,1,NULL,1,NULL,1,-1,1,NULL,0,NULL,NULL,NULL,NULL,NULL,0,NULL,1,1,NULL,NULL,NULL,1,NULL,NULL,NULL
mU5GwCA4uiD0-RH1qt3jrQ,qIhBNeE64skjowRs6TTwJA,4,NULL,NULL,NULL,NULL,NULL,NULL,NULL,NULL,NULL,NULL,NULL,NULL,NULL,NULL,NULL,NULL,0,1,-1,NULL,NULL,1,NULL,NULL,1,1,1,1,NULL,1,NULL,1,NULL,NULL,NULL,NULL,NULL,NULL,NULL,NULL,1,NULL
Pn_gHp4VUM-aSd57N3QpNw,qIhBNeE64skjowRs6TTwJA,5,NULL,NULL,NULL,NULL,NULL,NULL,NULL,NULL,NULL,NULL,NULL,NULL,NULL,NULL,NULL,NULL,0,1,NULL,NULL,NULL,-1,NULL,NULL,1,NULL,0,0,NULL,0,NULL,0,NULL,1,1,NULL,NULL,NULL,NULL,NULL,NULL,NULL
ToIcMshsBV7T63EAq59Sog,qIhBNeE64skjowRs6TTwJA,4,NULL,NULL,NULL,NULL,NULL,NULL,NULL,NULL,NULL,NULL,NULL,NULL,NULL,NULL,NULL,1,1,NULL,NULL,NULL,NULL,1,NULL,1,-1,NULL,NULL,NULL,NULL,1,1,1,NULL,1,1,NULL,NULL,NULL,NULL,NULL,NULL,NULL
Pwg_JKuB05o_77bnGPdNhg,qIhBNeE64skjowRs6TTwJA,4,NULL,NULL,NULL,NULL,1,NULL,NULL,NULL,NULL,NULL,NULL,NULL,NULL,NULL,NULL,NULL,NULL,0,NULL,0,NULL,0,NULL,NULL,1,NULL,NULL,NULL,NULL,0,NULL,0,NULL,NULL,NULL,NULL,NULL,NULL,NULL,NULL,NULL,NULL
eJMgz4oi9kWw0iau3NkFkQ,qIhBNeE64skjowRs6TTwJA,4,NULL,0,0,NULL,NULL,NULL,NULL,NULL,NULL,NULL,NULL,NULL,NULL,NULL,NULL,1,1,0,-1,0,NULL,0,0,-1,0,1,NULL,1,NULL,NULL,NULL,-1,NULL,1,NULL,NULL,NULL,NULL,NULL,1,0,NULL
Qg_Rg4UYFOe1v5O70U0qkA,qIhBNeE64skjowRs6TTwJA,3,NULL,NULL,NULL,NULL,NULL,NULL,NULL,NULL,NULL,NULL,NULL,NULL,NULL,NULL,NULL,0,0,1,NULL,NULL,NULL,-1,0,NULL,-1,NULL,1,1,NULL,1,NULL,1,NULL,NULL,NULL,NULL,NULL,NULL,NULL,NULL,1,NULL
06jGTBWhhDAJ5PXCxIq3rA,qIhBNeE64skjowRs6TTwJA,3,NULL,NULL,0,0,NULL,NULL,NULL,NULL,NULL,NULL,NULL,NULL,NULL,NULL,NULL,0,0,0,NULL,NULL,NULL,0,NULL,NULL,1,NULL,1,0,NULL,NULL,NULL,0,NULL,1,NULL,NULL,NULL,NULL,NULL,NULL,1,NULL
cjG1kUEGJeyNVzTXyBrozg,qIhBNeE64skjowRs6TTwJA,4,NULL,NULL,NULL,NULL,NULL,NULL,NULL,NULL,NULL,NULL,1,NULL,-1,NULL,NULL,1,1,-1,0,NULL,NULL,0,NULL,1,-1,0,NULL,NULL,NULL,NULL,NULL,-1,NULL,-1,0,NULL,NULL,NULL,NULL,NULL,1,NULL
KJYACjvQw4CWEJLwuK1fFA,qIhBNeE64skjowRs6TTwJA,3,NULL,NULL,NULL,NULL,NULL,NULL,NULL,NULL,NULL,NULL,NULL,NULL,NULL,NULL,NULL,0,1,1,NULL,NULL,-1,-1,NULL,NULL,NULL,NULL,NULL,NULL,NULL,NULL,NULL,-1,-1,NULL,NULL,NULL,NULL,NULL,NULL,NULL,NULL,NULL
brRr5SRQyzYa6S623Kvd5Q,qIhBNeE64skjowRs6TTwJA,4,NULL,NULL,NULL,NULL,NULL,NULL,NULL,NULL,NULL,NULL,1,NULL,NULL,NULL,NULL,1,NULL,1,NULL,1,NULL,1,NULL,NULL,1,NULL,NULL,1,NULL,NULL,NULL,0,NULL,NULL,0,NULL,NULL,NULL,NULL,NULL,1,NULL
DmOHgIxHo0K92yIbrm933Q,qIhBNeE64skjowRs6TTwJA,4,NULL,NULL,NULL,NULL,NULL,NULL,NULL,NULL,NULL,NULL,1,NULL,NULL,NULL,NULL,0,NULL,NULL,NULL,NULL,NULL,NULL,NULL,NULL,NULL,NULL,NULL,NULL,NULL,NULL,NULL,1,NULL,1,NULL,NULL,NULL,NULL,NULL,NULL,NULL,NULL
hOXABNRpfkFpVMSbDDl6-Q,qIhBNeE64skjowRs6TTwJA,4,NULL,NULL,NULL,NULL,NULL,NULL,NULL,NULL,NULL,NULL,NULL,NULL,NULL,NULL,NULL,0,NULL,0,NULL,1,NULL,0,NULL,NULL,1,NULL,NULL,NULL,NULL,1,NULL,0,-1,NULL,NULL,NULL,NULL,NULL,NULL,NULL,NULL,NULL
ktyoP7G8zSyMXwGur_QudA,qIhBNeE64skjowRs6TTwJA,5,NULL,NULL,NULL,NULL,NULL,NULL,NULL,NULL,NULL,NULL,NULL,1,NULL,NULL,NULL,NULL,NULL,NULL,NULL,NULL,NULL,1,NULL,NULL,NULL,NULL,NULL,NULL,NULL,NULL,NULL,NULL,NULL,NULL,NULL,NULL,NULL,NULL,NULL,NULL,NULL,NULL
lwJs6kJFmFUcnKtxKQkHrw,qIhBNeE64skjowRs6TTwJA,3,NULL,NULL,NULL,NULL,NULL,NULL,NULL,NULL,NULL,NULL,1,NULL,NULL,NULL,NULL,NULL,NULL,1,1,0,NULL,0,1,NULL,1,NULL,1,1,NULL,1,NULL,1,NULL,NULL,NULL,NULL,NULL,NULL,NULL,0,1,NULL
UmRq9KblJUe132lM-tspuA,qIhBNeE64skjowRs6TTwJA,3,NULL,NULL,NULL,NULL,NULL,NULL,NULL,NULL,NULL,NULL,NULL,NULL,NULL,NULL,NULL,0,NULL,0,1,1,NULL,NULL,NULL,NULL,0,NULL,0,0,NULL,NULL,NULL,0,NULL,NULL,NULL,NULL,NULL,NULL,NULL,NULL,0,NULL
2aTGZp7w0uGjuiiopeMEoQ,qIhBNeE64skjowRs6TTwJA,4,NULL,NULL,NULL,NULL,NULL,NULL,NULL,NULL,NULL,NULL,NULL,NULL,NULL,NULL,NULL,NULL,NULL,1,NULL,NULL,NULL,1,NULL,NULL,1,NULL,NULL,1,1,NULL,NULL,-1,NULL,NULL,NULL,NULL,NULL,NULL,NULL,NULL,0,NULL
uvLEHdvMNFO-Nr0cjvCxRw,qIhBNeE64skjowRs6TTwJA,1,NULL,NULL,NULL,NULL,NULL,NULL,NULL,NULL,NULL,NULL,NULL,NULL,NULL,NULL,NULL,NULL,NULL,0,NULL,NULL,NULL,NULL,NULL,NULL,NULL,NULL,NULL,NULL,NULL,NULL,NULL,NULL,NULL,NULL,NULL,NULL,NULL,NULL,NULL,NULL,NULL,NULL
Pwg_JKuB05o_77bnGPdNhg,LtJszEtHhXMZR0y6lbdswA,3,NULL,NULL,NULL,NULL,NULL,NULL,NULL,1,NULL,NULL,NULL,NULL,NULL,NULL,NULL,1,1,1,NULL,NULL,NULL,1,0,1,1,NULL,NULL,NULL,NULL,NULL,NULL,0,NULL,NULL,NULL,NULL,NULL,NULL,NULL,NULL,NULL,NULL
vXcKVMyHZCvFP1qXbunU_A,LtJszEtHhXMZR0y6lbdswA,2,NULL,NULL,NULL,NULL,NULL,NULL,NULL,NULL,NULL,NULL,NULL,NULL,0,-1,0,NULL,NULL,NULL,NULL,NULL,NULL,-1,NULL,NULL,NULL,NULL,NULL,NULL,NULL,NULL,NULL,0,NULL,NULL,NULL,NULL,NULL,NULL,NULL,NULL,NULL,NULL
WeFxOADIRIDgdgjg8PmQdw,LtJszEtHhXMZR0y6lbdswA,2,NULL,NULL,NULL,NULL,-1,NULL,NULL,NULL,NULL,NULL,NULL,NULL,-1,NULL,NULL,NULL,NULL,1,NULL,NULL,NULL,0,NULL,NULL,-1,NULL,NULL,-1,-1,NULL,NULL,-1,NULL,NULL,NULL,0,NULL,NULL,NULL,NULL,NULL,NULL
_uL7OiQSfNsCd60DrAf7qQ,LtJszEtHhXMZR0y6lbdswA,2,NULL,0,NULL,NULL,NULL,NULL,NULL,NULL,NULL,-1,1,NULL,NULL,-1,0,NULL,NULL,0,NULL,NULL,NULL,-1,NULL,NULL,0,0,NULL,NULL,NULL,NULL,-1,-1,NULL,-1,-1,0,NULL,NULL,NULL,NULL,NULL,NULL
IDJ8thegaElKvQsk495W9w,LtJszEtHhXMZR0y6lbdswA,4,NULL,NULL,NULL,NULL,NULL,NULL,NULL,NULL,NULL,NULL,NULL,NULL,NULL,NULL,NULL,1,-1,NULL,NULL,1,NULL,1,NULL,NULL,NULL,NULL,NULL,0,NULL,NULL,NULL,1,NULL,NULL,-1,-1,NULL,NULL,NULL,NULL,0,NULL
YwAh79IW7G12u0sJGyhTqg,CfzoA3TQ8YQcFTOncJFbQQ,4,NULL,NULL,NULL,NULL,NULL,NULL,NULL,NULL,NULL,NULL,NULL,NULL,1,NULL,NULL,1,NULL,1,NULL,NULL,1,NULL,1,NULL,1,1,1,NULL,NULL,1,NULL,1,NULL,NULL,NULL,NULL,NULL,NULL,NULL,NULL,NULL,NULL
dYUQjgWx8zc3VfDomKF2-w,CfzoA3TQ8YQcFTOncJFbQQ,3,NULL,NULL,NULL,NULL,NULL,NULL,NULL,NULL,NULL,NULL,NULL,NULL,NULL,1,NULL,1,NULL,1,NULL,NULL,NULL,1,-1,NULL,1,NULL,NULL,1,NULL,NULL,NULL,-1,NULL,NULL,NULL,NULL,NULL,NULL,NULL,NULL,NULL,NULL
Yfixa3SL3FM99QtPbwag5g,CfzoA3TQ8YQcFTOncJFbQQ,3,NULL,NULL,NULL,NULL,NULL,NULL,NULL,NULL,NULL,NULL,1,NULL,-1,NULL,NULL,NULL,NULL,1,NULL,NULL,NULL,1,NULL,NULL,1,0,1,NULL,0,NULL,NULL,NULL,NULL,1,NULL,NULL,NULL,NULL,NULL,NULL,1,NULL
7C-jyTrOX-iJ-MrSJuh-8A,CfzoA3TQ8YQcFTOncJFbQQ,4,NULL,NULL,NULL,NULL,NULL,NULL,NULL,NULL,NULL,NULL,NULL,NULL,-1,NULL,NULL,NULL,NULL,1,0,NULL,NULL,NULL,1,NULL,1,NULL,1,1,NULL,NULL,NULL,0,NULL,0,0,NULL,NULL,NULL,0,1,1,NULL
a99f2UeBwZzZq00KMGYQvA,CfzoA3TQ8YQcFTOncJFbQQ,4,NULL,NULL,-1,NULL,NULL,NULL,NULL,NULL,NULL,NULL,NULL,NULL,NULL,NULL,NULL,NULL,NULL,NULL,NULL,-1,NULL,1,1,NULL,0,1,-1,NULL,NULL,1,NULL,1,NULL,NULL,1,1,NULL,NULL,NULL,NULL,NULL,NULL
ArOZn38xZ0Sq-pTEhVzzFQ,CfzoA3TQ8YQcFTOncJFbQQ,1,NULL,NULL,NULL,-1,NULL,NULL,NULL,NULL,NULL,NULL,NULL,NULL,-1,-1,NULL,NULL,NULL,NULL,NULL,NULL,NULL,0,NULL,NULL,NULL,0,NULL,NULL,NULL,NULL,NULL,NULL,NULL,0,NULL,-1,0,NULL,NULL,NULL,NULL,NULL
y9YW-BpDACEGytpX3NaeRw,_yGo2ubkwQPXcKrdcURSNw,3,NULL,NULL,NULL,1,NULL,NULL,NULL,NULL,NULL,NULL,NULL,NULL,NULL,NULL,NULL,NULL,NULL,NULL,NULL,1,NULL,0,NULL,-1,0,NULL,NULL,1,NULL,NULL,NULL,1,NULL,NULL,NULL,NULL,NULL,NULL,NULL,NULL,NULL,NULL
aPQuGzqs4D8my3K0vXjb8Q,_yGo2ubkwQPXcKrdcURSNw,3,NULL,NULL,NULL,1,NULL,1,NULL,NULL,NULL,NULL,NULL,NULL,NULL,NULL,NULL,0,1,NULL,NULL,NULL,NULL,NULL,NULL,NULL,1,NULL,NULL,1,NULL,1,0,1,NULL,1,NULL,NULL,NULL,NULL,NULL,NULL,NULL,NULL
cNU3hw0Gvm2iNGOOvrhWMg,_yGo2ubkwQPXcKrdcURSNw,3,NULL,NULL,NULL,NULL,NULL,NULL,NULL,NULL,NULL,NULL,NULL,NULL,NULL,NULL,NULL,NULL,-1,NULL,1,0,0,0,NULL,NULL,NULL,0,1,NULL,NULL,NULL,NULL,1,NULL,0,1,NULL,NULL,NULL,NULL,1,0,NULL
HmUV-wqkppdCSy5mXDQRGQ,_yGo2ubkwQPXcKrdcURSNw,4,NULL,NULL,NULL,NULL,NULL,NULL,NULL,NULL,NULL,NULL,NULL,NULL,NULL,0,NULL,NULL,0,NULL,NULL,0,NULL,1,NULL,NULL,NULL,NULL,0,NULL,NULL,NULL,1,1,NULL,-1,1,NULL,NULL,0,NULL,NULL,NULL,NULL
hw9irUmYqNe5zSW1V1ybbw,_yGo2ubkwQPXcKrdcURSNw,3,NULL,NULL,NULL,NULL,NULL,NULL,NULL,NULL,NULL,NULL,NULL,NULL,NULL,NULL,NULL,-1,NULL,NULL,NULL,NULL,NULL,1,-1,NULL,-1,NULL,NULL,1,NULL,0,NULL,0,NULL,1,NULL,NULL,NULL,NULL,NULL,NULL,NULL,NULL
UWnVNJfr6TR-HF5Rz-dYMg,_yGo2ubkwQPXcKrdcURSNw,2,NULL,NULL,NULL,NULL,NULL,NULL,NULL,NULL,NULL,NULL,NULL,NULL,NULL,NULL,NULL,NULL,NULL,NULL,NULL,NULL,NULL,NULL,NULL,NULL,NULL,NULL,NULL,NULL,NULL,NULL,NULL,NULL,NULL,1,NULL,NULL,NULL,NULL,-1,NULL,NULL,NULL
sB_zM_9P6pJJWbxRUX9Vfg,_yGo2ubkwQPXcKrdcURSNw,4,NULL,NULL,NULL,NULL,NULL,NULL,NULL,NULL,NULL,NULL,NULL,NULL,NULL,0,NULL,1,0,1,NULL,NULL,NULL,1,NULL,NULL,1,1,NULL,NULL,NULL,NULL,NULL,1,NULL,1,NULL,NULL,NULL,NULL,NULL,NULL,NULL,NULL
i8KMQX7nekLSCzb_DVb6yA,_yGo2ubkwQPXcKrdcURSNw,4,NULL,NULL,NULL,NULL,NULL,NULL,NULL,NULL,NULL,NULL,NULL,NULL,NULL,1,NULL,1,NULL,1,NULL,NULL,NULL,NULL,NULL,NULL,NULL,NULL,NULL,NULL,1,NULL,NULL,NULL,NULL,1,NULL,NULL,NULL,NULL,NULL,NULL,NULL,NULL
vKGekmEAKAQps69Di7VvIQ,_yGo2ubkwQPXcKrdcURSNw,1,NULL,NULL,NULL,NULL,NULL,NULL,NULL,NULL,NULL,NULL,NULL,NULL,NULL,NULL,NULL,NULL,NULL,NULL,NULL,NULL,NULL,0,NULL,NULL,0,NULL,NULL,NULL,NULL,NULL,NULL,0,NULL,0,NULL,NULL,NULL,NULL,NULL,NULL,NULL,NULL
M8Padhotp8mDiFLEGNg9rg,_yGo2ubkwQPXcKrdcURSNw,5,NULL,NULL,NULL,NULL,NULL,NULL,NULL,NULL,NULL,NULL,NULL,NULL,NULL,NULL,NULL,NULL,NULL,NULL,NULL,NULL,NULL,1,NULL,NULL,NULL,NULL,NULL,NULL,NULL,NULL,1,1,NULL,NULL,NULL,NULL,NULL,NULL,NULL,NULL,NULL,NULL
WYvvzZ1MW9iwzT1TcxVopg,_yGo2ubkwQPXcKrdcURSNw,4,NULL,NULL,NULL,NULL,NULL,NULL,NULL,NULL,NULL,NULL,NULL,NULL,NULL,NULL,NULL,1,NULL,NULL,NULL,NULL,-1,1,1,NULL,1,NULL,NULL,NULL,NULL,NULL,-1,0,NULL,-1,NULL,NULL,NULL,NULL,NULL,1,NULL,NULL
1F6FEZGH5kwoXn3-BrhyPA,_yGo2ubkwQPXcKrdcURSNw,1,NULL,NULL,NULL,0,NULL,NULL,NULL,NULL,NULL,0,0,0,0,NULL,NULL,1,NULL,NULL,NULL,NULL,NULL,1,NULL,NULL,NULL,NULL,NULL,NULL,NULL,NULL,NULL,0,NULL,-1,NULL,0,0,NULL,NULL,NULL,NULL,NULL
TSbXZv1Xq81tReSucYJ56w,_yGo2ubkwQPXcKrdcURSNw,3,NULL,NULL,NULL,NULL,NULL,NULL,NULL,NULL,NULL,NULL,NULL,NULL,NULL,NULL,NULL,NULL,NULL,1,NULL,NULL,NULL,NULL,NULL,NULL,NULL,NULL,NULL,1,NULL,NULL,NULL,1,NULL,NULL,NULL,NULL,NULL,NULL,1,NULL,0,NULL
p7dvahRPZIWL7T6pFA_0dg,_yGo2ubkwQPXcKrdcURSNw,3,NULL,NULL,NULL,NULL,NULL,NULL,NULL,NULL,NULL,NULL,NULL,NULL,NULL,NULL,NULL,1,NULL,NULL,NULL,NULL,NULL,NULL,NULL,NULL,NULL,NULL,NULL,NULL,NULL,NULL,NULL,1,NULL,NULL,NULL,NULL,NULL,NULL,NULL,NULL,NULL,0
qK_o6Chm8VakPzeMCurtWA,_yGo2ubkwQPXcKrdcURSNw,5,NULL,NULL,NULL,NULL,NULL,NULL,NULL,NULL,NULL,NULL,NULL,NULL,NULL,NULL,NULL,NULL,NULL,NULL,NULL,NULL,NULL,NULL,NULL,NULL,NULL,NULL,NULL,NULL,NULL,NULL,NULL,NULL,NULL,1,NULL,NULL,NULL,NULL,NULL,NULL,NULL,NULL
bPI5LlcIG4UyHEkkjBy_rA,LO3uvzhh3fUtEQD3AJUxWw,4,NULL,NULL,NULL,NULL,NULL,NULL,NULL,NULL,NULL,NULL,NULL,0,NULL,NULL,NULL,NULL,NULL,1,NULL,NULL,1,1,NULL,NULL,NULL,NULL,NULL,1,NULL,NULL,NULL,NULL,NULL,1,NULL,NULL,NULL,NULL,NULL,NULL,NULL,NULL
-s7Kyx63XHTG2q5TozlfEg,LO3uvzhh3fUtEQD3AJUxWw,3,NULL,NULL,NULL,NULL,NULL,NULL,NULL,NULL,NULL,NULL,-1,NULL,NULL,NULL,NULL,NULL,NULL,1,NULL,1,NULL,NULL,NULL,1,1,NULL,NULL,0,NULL,NULL,NULL,1,NULL,NULL,0,NULL,NULL,NULL,0,NULL,NULL,NULL
JS7YiwbpYPvlfM2gCG1GMQ,LO3uvzhh3fUtEQD3AJUxWw,5,NULL,NULL,NULL,NULL,NULL,NULL,NULL,NULL,NULL,NULL,NULL,0,NULL,NULL,NULL,NULL,-1,NULL,NULL,NULL,NULL,1,NULL,NULL,1,NULL,NULL,NULL,NULL,NULL,NULL,0,NULL,1,NULL,NULL,NULL,NULL,NULL,0,1,NULL
aTi0NVrcPJWbN6jAsJVcAw,LO3uvzhh3fUtEQD3AJUxWw,4,NULL,NULL,NULL,NULL,NULL,NULL,NULL,NULL,NULL,NULL,NULL,NULL,NULL,-1,NULL,1,1,NULL,NULL,0,NULL,0,NULL,NULL,NULL,NULL,NULL,1,NULL,1,NULL,1,NULL,1,0,NULL,NULL,NULL,0,NULL,NULL,NULL
kBLRAhPq2H2duJQNtRqHTA,LO3uvzhh3fUtEQD3AJUxWw,2,NULL,NULL,NULL,NULL,NULL,NULL,NULL,NULL,NULL,NULL,NULL,NULL,NULL,0,NULL,1,NULL,0,NULL,NULL,NULL,NULL,NULL,NULL,NULL,NULL,NULL,NULL,NULL,NULL,NULL,NULL,NULL,NULL,NULL,NULL,NULL,NULL,NULL,NULL,NULL,NULL
rziiAcLtiUzwK2HGvyNeSg,LO3uvzhh3fUtEQD3AJUxWw,2,NULL,NULL,NULL,NULL,NULL,NULL,NULL,NULL,NULL,NULL,NULL,NULL,NULL,NULL,NULL,0,NULL,NULL,NULL,NULL,NULL,0,1,NULL,1,NULL,NULL,NULL,NULL,NULL,NULL,NULL,NULL,NULL,NULL,NULL,NULL,NULL,NULL,NULL,NULL,NULL
GLGX66ZwLD0L6TEcWEMEKg,LO3uvzhh3fUtEQD3AJUxWw,2,NULL,NULL,NULL,NULL,NULL,NULL,NULL,NULL,NULL,NULL,NULL,NULL,NULL,NULL,NULL,NULL,NULL,NULL,NULL,NULL,NULL,NULL,NULL,NULL,NULL,NULL,1,NULL,NULL,1,NULL,NULL,NULL,NULL,NULL,NULL,NULL,NULL,NULL,NULL,NULL,NULL
fUDpeyOr4OgOZIXXvzJJbw,urBWfXQjyyWIO5B7FvnOpg,4,NULL,NULL,NULL,NULL,NULL,NULL,NULL,NULL,NULL,NULL,NULL,NULL,NULL,NULL,NULL,NULL,NULL,NULL,NULL,NULL,NULL,0,NULL,NULL,1,NULL,NULL,NULL,NULL,NULL,NULL,1,NULL,1,NULL,NULL,NULL,NULL,NULL,NULL,NULL,NULL
pKMZ8ZoPYPq3NrtQVEQ5yw,urBWfXQjyyWIO5B7FvnOpg,5,NULL,NULL,NULL,NULL,NULL,NULL,NULL,NULL,NULL,NULL,NULL,NULL,NULL,NULL,NULL,NULL,1,NULL,NULL,1,NULL,1,NULL,NULL,NULL,NULL,NULL,0,NULL,NULL,NULL,0,NULL,1,1,NULL,NULL,NULL,NULL,NULL,0,NULL
waD2euOMPTnTzQ0thq3H6Q,urBWfXQjyyWIO5B7FvnOpg,4,NULL,NULL,0,NULL,NULL,NULL,NULL,NULL,NULL,-1,0,NULL,NULL,NULL,NULL,NULL,NULL,NULL,NULL,NULL,NULL,0,NULL,NULL,NULL,NULL,1,1,0,1,NULL,1,NULL,NULL,0,NULL,NULL,NULL,NULL,NULL,NULL,NULL
WO6bMumFr4oZJwh_ZNXACA,urBWfXQjyyWIO5B7FvnOpg,5,NULL,NULL,NULL,NULL,NULL,NULL,NULL,NULL,NULL,NULL,NULL,NULL,NULL,NULL,NULL,NULL,NULL,NULL,NULL,NULL,NULL,1,NULL,NULL,NULL,NULL,NULL,NULL,NULL,NULL,NULL,NULL,NULL,1,NULL,NULL,NULL,NULL,NULL,NULL,NULL,NULL
1V1iontSP-itrLVLGDmT4Q,urBWfXQjyyWIO5B7FvnOpg,5,NULL,NULL,NULL,NULL,NULL,NULL,NULL,NULL,NULL,NULL,NULL,NULL,NULL,NULL,NULL,NULL,NULL,0,NULL,NULL,NULL,NULL,NULL,NULL,1,0,NULL,0,NULL,0,NULL,0,NULL,NULL,NULL,NULL,NULL,NULL,0,NULL,NULL,NULL
qF5lwvN_9tlBIRc3LLxXVQ,urBWfXQjyyWIO5B7FvnOpg,4,NULL,NULL,NULL,NULL,NULL,NULL,NULL,NULL,NULL,NULL,NULL,NULL,NULL,NULL,NULL,NULL,NULL,NULL,NULL,-1,NULL,NULL,1,NULL,-1,NULL,NULL,1,NULL,1,NULL,1,NULL,NULL,NULL,NULL,NULL,NULL,NULL,NULL,NULL,NULL
KU8jt6rYvu4vnklKmu-Huw,urBWfXQjyyWIO5B7FvnOpg,4,NULL,NULL,NULL,NULL,NULL,NULL,NULL,NULL,NULL,NULL,NULL,NULL,NULL,0,NULL,NULL,NULL,1,NULL,0,NULL,NULL,NULL,NULL,NULL,NULL,NULL,1,NULL,0,NULL,0,NULL,NULL,NULL,NULL,NULL,1,NULL,NULL,NULL,NULL
WpG-g-bcIoi9s0n41gP85g,urBWfXQjyyWIO5B7FvnOpg,3,NULL,NULL,NULL,NULL,NULL,NULL,NULL,NULL,NULL,NULL,NULL,NULL,NULL,NULL,NULL,NULL,NULL,NULL,NULL,NULL,NULL,1,NULL,NULL,0,NULL,NULL,0,NULL,NULL,-1,-1,0,NULL,NULL,NULL,NULL,NULL,NULL,NULL,NULL,NULL
2Qo8EXnxxfTtUWIqPPih6g,urBWfXQjyyWIO5B7FvnOpg,4,NULL,NULL,NULL,NULL,NULL,NULL,NULL,NULL,NULL,NULL,NULL,NULL,NULL,NULL,NULL,1,0,NULL,NULL,0,NULL,NULL,NULL,NULL,NULL,NULL,0,0,NULL,NULL,NULL,0,NULL,1,1,NULL,NULL,NULL,NULL,NULL,NULL,NULL
nDBly08j5URmrHQ2JCbyiw,urBWfXQjyyWIO5B7FvnOpg,4,NULL,NULL,-1,NULL,1,NULL,NULL,1,NULL,NULL,NULL,NULL,NULL,1,NULL,NULL,0,1,NULL,1,NULL,0,NULL,1,NULL,-1,NULL,0,NULL,NULL,NULL,1,NULL,NULL,NULL,NULL,NULL,0,NULL,NULL,NULL,NULL
DghMl81bONCh5ELnrgn4Fw,urBWfXQjyyWIO5B7FvnOpg,5,NULL,NULL,NULL,NULL,NULL,NULL,NULL,NULL,NULL,NULL,NULL,NULL,NULL,NULL,NULL,NULL,1,NULL,NULL,NULL,NULL,NULL,NULL,NULL,1,NULL,NULL,NULL,NULL,NULL,NULL,NULL,NULL,NULL,NULL,NULL,NULL,1,NULL,NULL,NULL,NULL
thmf8ZkVsZU6v7nBpZ0FFw,urBWfXQjyyWIO5B7FvnOpg,3,NULL,NULL,NULL,NULL,NULL,NULL,NULL,NULL,NULL,NULL,NULL,NULL,NULL,NULL,NULL,NULL,NULL,NULL,NULL,NULL,NULL,1,NULL,NULL,NULL,NULL,NULL,NULL,NULL,NULL,0,NULL,NULL,NULL,NULL,NULL,NULL,NULL,-1,NULL,NULL,NULL
W7Wyu4Fau5w6TKHQpmPM2A,urBWfXQjyyWIO5B7FvnOpg,4,NULL,NULL,-1,NULL,NULL,NULL,NULL,NULL,NULL,NULL,1,NULL,NULL,NULL,NULL,NULL,NULL,NULL,NULL,1,NULL,1,NULL,NULL,NULL,1,0,1,NULL,NULL,1,0,NULL,1,1,NULL,NULL,NULL,NULL,NULL,NULL,NULL
siS-k56QvYx3QlUkiTFLcw,urBWfXQjyyWIO5B7FvnOpg,4,NULL,NULL,1,-1,NULL,NULL,NULL,0,NULL,NULL,NULL,NULL,-1,NULL,NULL,NULL,-1,1,NULL,1,NULL,-1,NULL,NULL,1,0,-1,0,NULL,NULL,NULL,1,NULL,1,0,NULL,NULL,NULL,NULL,NULL,1,NULL
kKAAqrlmeEaaHb1mZDbm7w,urBWfXQjyyWIO5B7FvnOpg,4,NULL,NULL,NULL,NULL,NULL,NULL,NULL,NULL,NULL,NULL,NULL,NULL,NULL,NULL,NULL,1,NULL,NULL,NULL,NULL,NULL,NULL,NULL,NULL,1,NULL,NULL,NULL,NULL,NULL,NULL,1,NULL,1,NULL,NULL,NULL,NULL,NULL,NULL,NULL,NULL
HZTUSfAZlp2BPdxoDN6i-Q,urBWfXQjyyWIO5B7FvnOpg,4,NULL,NULL,NULL,NULL,0,NULL,NULL,NULL,NULL,NULL,NULL,NULL,NULL,0,NULL,NULL,1,1,NULL,NULL,NULL,1,1,NULL,1,1,NULL,NULL,NULL,NULL,NULL,1,NULL,NULL,NULL,NULL,NULL,NULL,NULL,NULL,NULL,NULL
jUHkGkCY-Tbcf6vSn5NNjA,urBWfXQjyyWIO5B7FvnOpg,5,NULL,1,NULL,NULL,NULL,NULL,NULL,NULL,NULL,NULL,NULL,NULL,NULL,NULL,NULL,1,NULL,NULL,NULL,NULL,NULL,1,NULL,1,1,NULL,NULL,NULL,NULL,NULL,NULL,1,NULL,1,1,NULL,NULL,NULL,NULL,1,NULL,NULL
1Fm7fpJq15ggZHJuYPkKRA,urBWfXQjyyWIO5B7FvnOpg,4,NULL,1,NULL,-1,NULL,NULL,NULL,NULL,NULL,NULL,NULL,NULL,NULL,NULL,NULL,NULL,NULL,-1,NULL,NULL,NULL,-1,0,1,0,0,NULL,NULL,NULL,NULL,NULL,1,-1,1,NULL,NULL,NULL,NULL,NULL,NULL,-1,NULL
Rje4iVSuTGSJ6VkRlO1jJg,urBWfXQjyyWIO5B7FvnOpg,4,NULL,NULL,NULL,NULL,NULL,NULL,NULL,1,NULL,NULL,NULL,NULL,NULL,NULL,NULL,1,1,NULL,NULL,1,NULL,1,NULL,NULL,1,NULL,NULL,NULL,NULL,NULL,NULL,NULL,NULL,1,NULL,NULL,NULL,NULL,NULL,NULL,NULL,NULL
KxURgmiUbuHhAtdEJu4bvw,urBWfXQjyyWIO5B7FvnOpg,4,NULL,NULL,NULL,NULL,NULL,NULL,NULL,NULL,NULL,NULL,NULL,NULL,NULL,NULL,NULL,NULL,NULL,1,NULL,0,NULL,1,NULL,NULL,NULL,NULL,NULL,1,NULL,NULL,NULL,NULL,NULL,NULL,NULL,NULL,NULL,NULL,NULL,NULL,NULL,NULL
1cTlGkDIY4ZGgDF1MFLmfw,urBWfXQjyyWIO5B7FvnOpg,4,NULL,NULL,NULL,NULL,NULL,NULL,NULL,NULL,NULL,NULL,NULL,NULL,NULL,NULL,NULL,NULL,NULL,NULL,NULL,NULL,NULL,NULL,NULL,NULL,NULL,-1,NULL,NULL,NULL,NULL,NULL,1,NULL,1,NULL,NULL,NULL,NULL,NULL,NULL,-1,NULL
UFPdthvTipX6E7KEf-Stvw,KQzpjBmnAMXPqipeWTKG0w,3,NULL,NULL,NULL,NULL,NULL,NULL,NULL,NULL,NULL,0,NULL,NULL,NULL,0,NULL,0,0,-1,NULL,1,NULL,0,NULL,NULL,0,-1,0,NULL,NULL,NULL,0,0,NULL,1,NULL,NULL,NULL,NULL,NULL,NULL,NULL,NULL
c-7doN-Ek_BjzqOmZTi3mA,KQzpjBmnAMXPqipeWTKG0w,4,NULL,NULL,NULL,NULL,NULL,NULL,NULL,NULL,NULL,NULL,NULL,NULL,NULL,1,NULL,NULL,NULL,NULL,NULL,NULL,NULL,NULL,NULL,NULL,NULL,NULL,-1,NULL,1,0,NULL,1,NULL,NULL,NULL,NULL,NULL,NULL,1,NULL,NULL,NULL
NybFr19eR0MCAYJmTkszYg,KQzpjBmnAMXPqipeWTKG0w,2,NULL,NULL,NULL,0,NULL,NULL,0,NULL,NULL,NULL,NULL,NULL,NULL,NULL,NULL,NULL,-1,NULL,NULL,NULL,NULL,-1,NULL,NULL,NULL,NULL,NULL,NULL,-1,NULL,0,-1,NULL,0,NULL,NULL,NULL,NULL,NULL,NULL,-1,NULL
y9CWMzue2ghq1ddN8S_qaQ,KQzpjBmnAMXPqipeWTKG0w,4,NULL,NULL,NULL,NULL,NULL,NULL,NULL,NULL,NULL,NULL,NULL,NULL,NULL,NULL,NULL,NULL,NULL,NULL,NULL,NULL,NULL,-1,NULL,NULL,NULL,NULL,NULL,NULL,NULL,NULL,NULL,1,NULL,NULL,NULL,NULL,NULL,NULL,NULL,NULL,-1,NULL
T7J9ae0wTskrI_Bgwp-4cA,KQzpjBmnAMXPqipeWTKG0w,3,NULL,NULL,NULL,NULL,NULL,NULL,NULL,NULL,NULL,NULL,NULL,NULL,NULL,NULL,NULL,1,-1,NULL,NULL,NULL,NULL,1,1,-1,1,-1,-1,-1,NULL,NULL,-1,-1,NULL,1,NULL,NULL,NULL,NULL,NULL,NULL,1,NULL
t5Xb5GY1QLj7Iy7vugO4bg,HLQUH1VAw4KbSV-IhxOPEw,2,NULL,NULL,NULL,NULL,-1,NULL,NULL,NULL,NULL,NULL,NULL,NULL,NULL,NULL,NULL,NULL,NULL,NULL,NULL,NULL,NULL,0,NULL,NULL,0,NULL,NULL,NULL,NULL,NULL,NULL,NULL,NULL,0,NULL,NULL,NULL,NULL,NULL,NULL,NULL,NULL
YwcacxA7WCB9fryDHDxF8w,HLQUH1VAw4KbSV-IhxOPEw,4,NULL,0,NULL,NULL,NULL,NULL,NULL,NULL,NULL,NULL,NULL,NULL,NULL,NULL,NULL,NULL,NULL,NULL,NULL,NULL,NULL,0,NULL,1,NULL,NULL,NULL,NULL,NULL,NULL,-1,1,NULL,1,NULL,NULL,NULL,NULL,NULL,NULL,NULL,NULL
23zT_daU4O5VcFnajw8MTg,HLQUH1VAw4KbSV-IhxOPEw,3,NULL,NULL,NULL,1,NULL,NULL,NULL,0,NULL,NULL,NULL,NULL,NULL,NULL,NULL,NULL,NULL,NULL,NULL,NULL,NULL,0,NULL,NULL,NULL,NULL,NULL,NULL,NULL,NULL,0,0,NULL,NULL,NULL,NULL,NULL,NULL,NULL,NULL,0,NULL
VKMXskef7HfA4RA0O_iIiQ,HLQUH1VAw4KbSV-IhxOPEw,3,NULL,NULL,NULL,NULL,NULL,NULL,NULL,NULL,NULL,NULL,NULL,NULL,NULL,0,NULL,NULL,NULL,NULL,NULL,NULL,NULL,1,NULL,0,NULL,NULL,NULL,NULL,NULL,NULL,NULL,NULL,NULL,NULL,NULL,0,NULL,NULL,NULL,NULL,NULL,NULL
gZrhBF90vlBvBycEvN9OgA,HLQUH1VAw4KbSV-IhxOPEw,4,NULL,NULL,1,0,NULL,NULL,NULL,0,NULL,NULL,NULL,NULL,NULL,NULL,NULL,0,1,0,NULL,NULL,NULL,0,0,0,0,NULL,0,NULL,NULL,NULL,NULL,0,NULL,NULL,NULL,NULL,NULL,NULL,NULL,NULL,0,NULL
XL9D0wXPLcmNox-d9XDfTg,HLQUH1VAw4KbSV-IhxOPEw,4,NULL,NULL,NULL,NULL,NULL,NULL,NULL,1,NULL,NULL,NULL,NULL,NULL,NULL,NULL,NULL,NULL,0,NULL,NULL,NULL,0,0,NULL,0,NULL,NULL,NULL,NULL,NULL,NULL,1,NULL,NULL,NULL,NULL,NULL,NULL,NULL,NULL,NULL,NULL
wXi5ifPr1hsCeNZMiwwJcQ,HLQUH1VAw4KbSV-IhxOPEw,3,NULL,NULL,NULL,1,NULL,NULL,NULL,NULL,NULL,NULL,NULL,NULL,0,NULL,NULL,NULL,NULL,0,NULL,0,NULL,0,NULL,NULL,NULL,NULL,-1,1,1,0,1,-1,NULL,1,NULL,NULL,NULL,NULL,NULL,NULL,0,NULL
KcFrGCRMwGntOifAyOHgNQ,HLQUH1VAw4KbSV-IhxOPEw,4,NULL,NULL,NULL,1,NULL,NULL,NULL,1,NULL,NULL,NULL,NULL,NULL,NULL,NULL,NULL,NULL,NULL,NULL,NULL,NULL,1,NULL,NULL,NULL,NULL,1,NULL,0,NULL,NULL,NULL,NULL,1,NULL,NULL,NULL,NULL,NULL,NULL,0,NULL
iNplaNMe_XisdyWcaT2Rvg,HLQUH1VAw4KbSV-IhxOPEw,4,NULL,NULL,NULL,NULL,NULL,NULL,NULL,NULL,NULL,NULL,NULL,NULL,NULL,NULL,NULL,NULL,NULL,1,NULL,NULL,NULL,0,NULL,NULL,NULL,NULL,NULL,NULL,NULL,NULL,NULL,NULL,NULL,NULL,NULL,NULL,NULL,NULL,NULL,NULL,NULL,NULL
KHx6t3aN-bUzcv79viBv6A,HLQUH1VAw4KbSV-IhxOPEw,5,NULL,NULL,NULL,1,NULL,0,NULL,NULL,NULL,1,NULL,NULL,NULL,1,NULL,NULL,NULL,1,0,NULL,NULL,NULL,NULL,NULL,0,NULL,NULL,NULL,NULL,NULL,NULL,NULL,NULL,0,NULL,NULL,NULL,NULL,NULL,NULL,NULL,NULL
fczQCSmaWF78toLEmb0Zsw,HLQUH1VAw4KbSV-IhxOPEw,4,NULL,NULL,NULL,NULL,NULL,NULL,NULL,NULL,NULL,1,NULL,NULL,1,0,NULL,NULL,NULL,NULL,NULL,NULL,-1,1,NULL,0,1,NULL,NULL,NULL,NULL,NULL,NULL,1,NULL,1,NULL,NULL,NULL,NULL,NULL,1,-1,NULL
QSzbhLINnOVxYEVhuTituA,HLQUH1VAw4KbSV-IhxOPEw,5,1,NULL,NULL,NULL,1,NULL,NULL,NULL,NULL,NULL,NULL,NULL,NULL,NULL,NULL,NULL,1,NULL,NULL,NULL,NULL,NULL,NULL,NULL,NULL,1,NULL,NULL,NULL,NULL,NULL,NULL,NULL,NULL,NULL,NULL,NULL,1,NULL,NULL,NULL,NULL
M6hieO-LbXPG1WBQXjXA1w,HLQUH1VAw4KbSV-IhxOPEw,4,NULL,NULL,NULL,NULL,NULL,NULL,NULL,NULL,NULL,NULL,NULL,NULL,0,1,NULL,NULL,1,1,0,1,NULL,1,NULL,NULL,NULL,0,-1,1,NULL,NULL,-1,-1,NULL,1,NULL,NULL,NULL,0,NULL,NULL,0,NULL
h7v_M_0-YVpSVZ2WD7FpAA,HLQUH1VAw4KbSV-IhxOPEw,5,NULL,NULL,NULL,NULL,0,NULL,NULL,NULL,NULL,NULL,NULL,NULL,NULL,NULL,NULL,NULL,0,0,NULL,NULL,NULL,NULL,NULL,NULL,NULL,1,NULL,NULL,0,NULL,NULL,NULL,NULL,NULL,NULL,NULL,NULL,NULL,NULL,NULL,NULL,NULL
t8BYqTAm38WAqqxhsoJYCg,HLQUH1VAw4KbSV-IhxOPEw,5,NULL,NULL,NULL,NULL,NULL,NULL,NULL,NULL,NULL,1,NULL,0,NULL,1,NULL,NULL,NULL,0,NULL,NULL,NULL,1,NULL,NULL,NULL,NULL,NULL,1,NULL,NULL,NULL,0,NULL,1,0,NULL,NULL,NULL,NULL,NULL,NULL,NULL
UgQ8vm8aZb6Laqpdiz7PWw,HLQUH1VAw4KbSV-IhxOPEw,4,NULL,NULL,NULL,NULL,NULL,NULL,NULL,NULL,NULL,NULL,NULL,NULL,NULL,NULL,NULL,NULL,NULL,NULL,NULL,NULL,NULL,0,NULL,0,-1,NULL,NULL,NULL,NULL,NULL,NULL,1,NULL,1,NULL,NULL,NULL,NULL,1,NULL,NULL,NULL
zNXIzyRXKGX-5lS3dy87ig,HLQUH1VAw4KbSV-IhxOPEw,2,NULL,NULL,NULL,NULL,NULL,NULL,NULL,NULL,NULL,NULL,NULL,NULL,NULL,NULL,NULL,NULL,NULL,NULL,NULL,NULL,NULL,-1,NULL,NULL,NULL,NULL,NULL,NULL,NULL,NULL,NULL,0,NULL,1,NULL,NULL,NULL,NULL,NULL,0,0,NULL
oJ3NVC3Qd0zKvAN4P5bh8A,HLQUH1VAw4KbSV-IhxOPEw,1,NULL,NULL,NULL,NULL,NULL,NULL,NULL,NULL,NULL,NULL,NULL,NULL,NULL,0,NULL,NULL,1,0,NULL,NULL,NULL,-1,NULL,0,0,0,0,NULL,1,NULL,-1,0,NULL,1,0,NULL,NULL,NULL,NULL,0,NULL,NULL
6_uj1ivs0JB_5let8Fh79w,HLQUH1VAw4KbSV-IhxOPEw,5,NULL,NULL,NULL,NULL,NULL,NULL,NULL,NULL,NULL,-1,NULL,NULL,NULL,NULL,NULL,NULL,NULL,1,NULL,NULL,NULL,NULL,NULL,NULL,NULL,NULL,NULL,NULL,NULL,NULL,NULL,NULL,NULL,0,NULL,NULL,NULL,NULL,NULL,NULL,NULL,NULL
DfewvXBVh68PdGWs4cT5YQ,HLQUH1VAw4KbSV-IhxOPEw,5,NULL,NULL,NULL,1,NULL,NULL,NULL,NULL,NULL,NULL,NULL,NULL,NULL,NULL,NULL,NULL,NULL,1,NULL,1,NULL,NULL,NULL,NULL,1,NULL,NULL,NULL,NULL,NULL,NULL,1,NULL,1,1,NULL,NULL,1,NULL,NULL,NULL,1
fpJfHsFqrUDfnyLQSJgCrg,HLQUH1VAw4KbSV-IhxOPEw,4,NULL,NULL,NULL,NULL,NULL,NULL,NULL,NULL,NULL,NULL,NULL,NULL,NULL,NULL,NULL,-1,1,1,NULL,NULL,NULL,1,NULL,NULL,NULL,NULL,NULL,NULL,NULL,NULL,NULL,-1,NULL,0,NULL,NULL,NULL,NULL,1,NULL,NULL,NULL
BEcT2wCP-G0LfkKZSlYdzw,HLQUH1VAw4KbSV-IhxOPEw,4,NULL,NULL,NULL,NULL,NULL,NULL,NULL,NULL,NULL,1,NULL,NULL,NULL,NULL,NULL,NULL,NULL,NULL,-1,NULL,NULL,0,NULL,NULL,0,NULL,NULL,NULL,NULL,NULL,NULL,NULL,NULL,1,NULL,NULL,NULL,NULL,NULL,NULL,NULL,NULL
XAuBFVTB4WVZ4UL_6Mq4Sg,HLQUH1VAw4KbSV-IhxOPEw,4,NULL,NULL,NULL,0,NULL,NULL,NULL,NULL,NULL,NULL,NULL,NULL,NULL,0,NULL,NULL,NULL,1,NULL,NULL,NULL,-1,NULL,NULL,NULL,-1,NULL,NULL,NULL,NULL,NULL,NULL,NULL,1,0,1,NULL,NULL,1,NULL,NULL,NULL
NCUcdDi9HQNkpdZA_970bg,HLQUH1VAw4KbSV-IhxOPEw,2,NULL,NULL,1,1,NULL,NULL,1,NULL,0,-1,NULL,NULL,0,0,NULL,NULL,1,NULL,NULL,NULL,NULL,0,NULL,NULL,-1,0,1,1,NULL,NULL,NULL,0,-1,0,NULL,NULL,NULL,NULL,NULL,0,NULL,NULL
100Df1wcVrl9rJgB7EG6xw,HLQUH1VAw4KbSV-IhxOPEw,5,NULL,NULL,NULL,NULL,NULL,NULL,NULL,NULL,NULL,1,NULL,NULL,NULL,NULL,NULL,NULL,NULL,NULL,NULL,NULL,NULL,0,NULL,NULL,NULL,NULL,NULL,NULL,NULL,NULL,NULL,NULL,NULL,NULL,NULL,NULL,NULL,NULL,NULL,NULL,NULL,NULL
vhxFLqRok6r-D_aQz0s-JQ,HLQUH1VAw4KbSV-IhxOPEw,4,NULL,NULL,NULL,NULL,NULL,NULL,NULL,NULL,NULL,NULL,NULL,0,NULL,1,NULL,NULL,0,-1,0,NULL,NULL,NULL,NULL,NULL,-1,NULL,NULL,NULL,NULL,NULL,NULL,NULL,NULL,-1,NULL,NULL,NULL,NULL,NULL,NULL,NULL,NULL
s1GigE0TFmR_SdMDpThBZg,HLQUH1VAw4KbSV-IhxOPEw,2,NULL,NULL,NULL,NULL,NULL,NULL,NULL,NULL,NULL,NULL,NULL,NULL,NULL,NULL,NULL,NULL,NULL,NULL,NULL,NULL,NULL,NULL,NULL,NULL,NULL,NULL,NULL,NULL,NULL,NULL,NULL,NULL,NULL,1,NULL,NULL,NULL,NULL,NULL,NULL,-1,NULL
_PzSNcfrCjeBxSLXRoMmgQ,HLQUH1VAw4KbSV-IhxOPEw,4,NULL,NULL,NULL,NULL,NULL,NULL,NULL,NULL,NULL,NULL,NULL,NULL,NULL,NULL,NULL,NULL,NULL,NULL,NULL,NULL,-1,1,NULL,NULL,NULL,NULL,NULL,NULL,NULL,NULL,NULL,NULL,NULL,1,NULL,NULL,NULL,NULL,NULL,NULL,NULL,NULL
52E9INXpKzBtQEKwOjq_nA,HLQUH1VAw4KbSV-IhxOPEw,5,NULL,NULL,NULL,NULL,NULL,NULL,NULL,NULL,NULL,NULL,NULL,1,NULL,NULL,NULL,NULL,NULL,NULL,NULL,NULL,NULL,NULL,NULL,NULL,NULL,NULL,NULL,NULL,NULL,NULL,NULL,NULL,NULL,NULL,NULL,NULL,NULL,NULL,NULL,NULL,NULL,NULL
iAUOGnPA0tZJ0SZdbT7q_g,HLQUH1VAw4KbSV-IhxOPEw,5,NULL,NULL,NULL,NULL,1,NULL,NULL,NULL,NULL,NULL,NULL,NULL,NULL,0,NULL,NULL,NULL,NULL,NULL,NULL,NULL,1,NULL,NULL,NULL,NULL,NULL,NULL,NULL,NULL,NULL,NULL,NULL,1,NULL,NULL,NULL,NULL,NULL,NULL,NULL,NULL
FIin1o5cJb8thgJuP8eLCA,HLQUH1VAw4KbSV-IhxOPEw,5,NULL,NULL,NULL,1,NULL,NULL,NULL,-1,NULL,NULL,NULL,NULL,NULL,NULL,NULL,NULL,NULL,1,NULL,NULL,NULL,0,NULL,NULL,NULL,NULL,NULL,NULL,NULL,NULL,NULL,NULL,NULL,1,NULL,NULL,NULL,NULL,NULL,NULL,NULL,NULL
H2cZDkDiVszLutRl5_4eRQ,HLQUH1VAw4KbSV-IhxOPEw,4,NULL,NULL,NULL,1,NULL,NULL,NULL,NULL,NULL,NULL,NULL,NULL,NULL,0,NULL,NULL,NULL,NULL,NULL,NULL,0,NULL,NULL,1,NULL,-1,-1,NULL,NULL,NULL,NULL,1,NULL,1,0,NULL,NULL,NULL,NULL,0,0,NULL
HP7I10gjTxVaF-18_1nnaw,HLQUH1VAw4KbSV-IhxOPEw,5,NULL,NULL,NULL,NULL,NULL,NULL,NULL,NULL,NULL,NULL,NULL,NULL,NULL,NULL,NULL,NULL,NULL,NULL,NULL,NULL,NULL,NULL,NULL,NULL,1,1,NULL,NULL,NULL,NULL,NULL,0,NULL,1,NULL,NULL,NULL,NULL,NULL,NULL,NULL,NULL
C6exN2_8aEgkYlLsJ0e3kg,HLQUH1VAw4KbSV-IhxOPEw,4,NULL,NULL,NULL,NULL,NULL,NULL,NULL,NULL,NULL,NULL,NULL,NULL,-1,NULL,NULL,NULL,NULL,-1,NULL,1,NULL,0,NULL,NULL,NULL,1,0,0,NULL,NULL,0,1,NULL,1,0,NULL,NULL,NULL,NULL,NULL,NULL,NULL
elVKwKqblMu7lvY12hAbyg,HLQUH1VAw4KbSV-IhxOPEw,2,NULL,NULL,NULL,NULL,NULL,NULL,NULL,NULL,NULL,NULL,NULL,NULL,NULL,NULL,NULL,NULL,NULL,NULL,NULL,NULL,NULL,0,NULL,NULL,NULL,NULL,NULL,NULL,NULL,NULL,NULL,NULL,NULL,NULL,NULL,NULL,NULL,NULL,NULL,NULL,-1,NULL
kJp7OZTVHZWSPqwwjrACBA,HLQUH1VAw4KbSV-IhxOPEw,4,NULL,NULL,NULL,NULL,NULL,NULL,NULL,NULL,NULL,NULL,NULL,NULL,NULL,NULL,NULL,NULL,NULL,NULL,NULL,NULL,NULL,1,NULL,NULL,NULL,NULL,NULL,NULL,NULL,NULL,1,1,NULL,1,0,NULL,NULL,NULL,NULL,NULL,NULL,NULL
xR7T-HpPJRFBh-wO0c3XMQ,HLQUH1VAw4KbSV-IhxOPEw,5,NULL,NULL,NULL,1,NULL,NULL,NULL,1,NULL,NULL,0,NULL,NULL,NULL,NULL,NULL,0,-1,NULL,1,-1,0,NULL,NULL,1,0,1,NULL,NULL,NULL,1,0,0,0,-1,NULL,NULL,NULL,NULL,NULL,NULL,NULL
UqUc0FG5kSRJqsLJ8_co_Q,HLQUH1VAw4KbSV-IhxOPEw,4,NULL,NULL,NULL,NULL,NULL,NULL,NULL,NULL,NULL,NULL,NULL,NULL,NULL,NULL,NULL,NULL,NULL,NULL,NULL,NULL,NULL,1,NULL,1,NULL,NULL,NULL,NULL,NULL,NULL,NULL,NULL,NULL,1,NULL,NULL,NULL,NULL,NULL,NULL,NULL,NULL
L4xg0rB0wX_IiUkfTEmUPA,HLQUH1VAw4KbSV-IhxOPEw,2,NULL,NULL,NULL,1,NULL,NULL,NULL,NULL,NULL,NULL,NULL,NULL,NULL,NULL,NULL,NULL,-1,NULL,NULL,NULL,NULL,1,NULL,NULL,0,0,NULL,NULL,NULL,NULL,NULL,1,NULL,1,NULL,NULL,NULL,NULL,NULL,NULL,NULL,NULL
Qh4Ovo47AMXvRQByc4dMnw,HLQUH1VAw4KbSV-IhxOPEw,3,NULL,NULL,NULL,1,NULL,NULL,NULL,NULL,NULL,NULL,-1,NULL,NULL,NULL,NULL,NULL,NULL,0,NULL,NULL,NULL,0,NULL,NULL,NULL,NULL,1,NULL,NULL,NULL,NULL,-1,NULL,-1,0,0,NULL,NULL,NULL,NULL,NULL,NULL
meuqHEjGCmrO3zDlr6OU7w,AnqXhbdkHHimMBR3UMS1Jw,3,-1,NULL,NULL,NULL,0,NULL,NULL,NULL,NULL,NULL,NULL,NULL,NULL,NULL,NULL,NULL,0,0,0,NULL,NULL,0,1,0,0,NULL,NULL,NULL,NULL,-1,0,0,NULL,NULL,NULL,NULL,NULL,NULL,NULL,NULL,NULL,NULL
j8ocPEVty-EEYQk_Zeldyg,AnqXhbdkHHimMBR3UMS1Jw,3,NULL,NULL,NULL,NULL,NULL,NULL,NULL,0,NULL,NULL,NULL,NULL,NULL,NULL,NULL,NULL,NULL,1,NULL,0,NULL,0,1,NULL,1,NULL,1,NULL,1,1,NULL,1,NULL,NULL,NULL,NULL,NULL,NULL,NULL,NULL,1,NULL
ky5-rv7r3nnbnRuA_m3UZw,AnqXhbdkHHimMBR3UMS1Jw,5,NULL,NULL,NULL,NULL,NULL,NULL,NULL,NULL,NULL,NULL,NULL,0,NULL,NULL,NULL,NULL,NULL,NULL,NULL,NULL,NULL,1,NULL,1,NULL,NULL,NULL,NULL,NULL,NULL,NULL,1,NULL,1,NULL,NULL,NULL,NULL,NULL,NULL,NULL,NULL
DMtlC2TpVEimIn0D07HnUA,AnqXhbdkHHimMBR3UMS1Jw,5,NULL,NULL,NULL,0,NULL,NULL,NULL,NULL,NULL,NULL,NULL,NULL,NULL,NULL,NULL,NULL,NULL,1,NULL,NULL,NULL,1,NULL,NULL,NULL,NULL,NULL,NULL,NULL,NULL,NULL,NULL,NULL,0,NULL,NULL,NULL,NULL,NULL,1,NULL,NULL
9BvPJnPms8x7G2Hi4BBmmQ,AnqXhbdkHHimMBR3UMS1Jw,4,NULL,NULL,0,NULL,-1,NULL,NULL,1,NULL,NULL,NULL,NULL,NULL,0,NULL,NULL,1,0,NULL,1,NULL,0,NULL,1,1,NULL,NULL,1,NULL,0,NULL,-1,NULL,NULL,NULL,NULL,NULL,NULL,NULL,0,NULL,NULL
XL9D0wXPLcmNox-d9XDfTg,FQudBiBiz9bGQLF_kK8UCg,3,NULL,NULL,NULL,NULL,NULL,NULL,NULL,1,NULL,NULL,NULL,NULL,NULL,NULL,NULL,NULL,1,1,NULL,NULL,NULL,1,NULL,NULL,1,NULL,-1,NULL,0,NULL,NULL,0,NULL,NULL,NULL,NULL,NULL,NULL,NULL,NULL,NULL,NULL
wxuIXe9jCIwloEwuNsnVvQ,FQudBiBiz9bGQLF_kK8UCg,3,NULL,NULL,NULL,NULL,NULL,NULL,NULL,1,NULL,NULL,NULL,NULL,NULL,NULL,NULL,NULL,NULL,NULL,NULL,1,NULL,1,NULL,NULL,NULL,NULL,NULL,NULL,NULL,NULL,NULL,1,NULL,0,NULL,NULL,NULL,NULL,NULL,NULL,NULL,NULL
Bg3FBXzPViMowB_mJcUnbg,FQudBiBiz9bGQLF_kK8UCg,5,NULL,NULL,NULL,NULL,NULL,NULL,NULL,NULL,NULL,1,NULL,NULL,NULL,NULL,NULL,NULL,1,1,1,1,NULL,0,NULL,1,1,NULL,NULL,NULL,NULL,NULL,NULL,0,NULL,1,NULL,NULL,NULL,NULL,NULL,NULL,NULL,NULL
fUDpeyOr4OgOZIXXvzJJbw,FQudBiBiz9bGQLF_kK8UCg,4,NULL,NULL,NULL,NULL,NULL,NULL,NULL,NULL,NULL,NULL,NULL,NULL,NULL,NULL,NULL,NULL,1,0,NULL,NULL,NULL,1,NULL,NULL,1,NULL,NULL,NULL,NULL,NULL,NULL,0,NULL,NULL,NULL,NULL,NULL,NULL,NULL,NULL,NULL,NULL
EVN484M7GZxhVpp61JgQBA,FQudBiBiz9bGQLF_kK8UCg,4,NULL,NULL,NULL,0,NULL,NULL,NULL,NULL,NULL,NULL,NULL,NULL,NULL,NULL,NULL,NULL,0,NULL,NULL,NULL,1,1,NULL,1,NULL,0,0,NULL,NULL,NULL,0,0,NULL,1,1,NULL,NULL,NULL,NULL,NULL,NULL,NULL
Tzyfcb0RRR4XN6rRAdSn4Q,FQudBiBiz9bGQLF_kK8UCg,4,NULL,NULL,NULL,NULL,NULL,NULL,NULL,NULL,NULL,NULL,NULL,NULL,NULL,1,NULL,NULL,NULL,-1,NULL,1,NULL,NULL,NULL,NULL,NULL,NULL,NULL,NULL,NULL,NULL,1,1,NULL,NULL,NULL,NULL,NULL,NULL,-1,0,1,NULL
HFzQ3xFlSwPlZeYkDzWwFg,FQudBiBiz9bGQLF_kK8UCg,5,NULL,NULL,NULL,NULL,NULL,NULL,NULL,1,NULL,NULL,NULL,NULL,NULL,NULL,NULL,NULL,NULL,NULL,NULL,NULL,NULL,NULL,NULL,NULL,1,NULL,NULL,NULL,NULL,NULL,NULL,1,NULL,NULL,NULL,NULL,NULL,NULL,NULL,NULL,NULL,NULL
7FBFq151YXe1aEnkFqnEKA,FQudBiBiz9bGQLF_kK8UCg,4,NULL,NULL,NULL,1,NULL,NULL,NULL,NULL,NULL,NULL,NULL,NULL,NULL,NULL,NULL,NULL,1,1,NULL,0,NULL,0,NULL,NULL,1,NULL,1,NULL,NULL,NULL,NULL,-1,NULL,NULL,NULL,NULL,NULL,NULL,1,0,NULL,NULL
JVkuW-Vf8qF447AZXyWVfw,FQudBiBiz9bGQLF_kK8UCg,4,NULL,NULL,NULL,NULL,NULL,NULL,NULL,0,NULL,NULL,NULL,NULL,NULL,NULL,NULL,NULL,NULL,NULL,NULL,NULL,NULL,1,NULL,NULL,1,NULL,NULL,NULL,NULL,NULL,NULL,1,NULL,NULL,NULL,NULL,NULL,NULL,NULL,NULL,NULL,NULL
hSzH32owe0sAupuLsRWsCA,FQudBiBiz9bGQLF_kK8UCg,2,NULL,NULL,NULL,1,NULL,NULL,NULL,NULL,NULL,NULL,NULL,NULL,NULL,NULL,NULL,NULL,NULL,1,NULL,1,NULL,1,NULL,NULL,NULL,NULL,1,NULL,NULL,NULL,NULL,-1,NULL,NULL,NULL,NULL,NULL,1,NULL,1,NULL,NULL
lGBtatQQgkeEALEplrEzLw,FQudBiBiz9bGQLF_kK8UCg,4,NULL,NULL,NULL,NULL,NULL,NULL,NULL,0,NULL,NULL,NULL,NULL,NULL,0,NULL,1,NULL,1,NULL,0,NULL,1,NULL,NULL,1,NULL,1,0,NULL,0,0,1,NULL,1,NULL,NULL,NULL,NULL,NULL,NULL,NULL,0
ZC66b4eqzanK0naKbtHVfg,FQudBiBiz9bGQLF_kK8UCg,3,NULL,NULL,NULL,0,1,NULL,NULL,NULL,NULL,NULL,NULL,NULL,NULL,NULL,NULL,NULL,NULL,0,NULL,NULL,NULL,NULL,NULL,NULL,NULL,NULL,1,1,NULL,NULL,1,1,NULL,1,NULL,NULL,NULL,NULL,1,NULL,NULL,NULL
QPwuEpeAQl93AMfff-bfVQ,FQudBiBiz9bGQLF_kK8UCg,4,NULL,NULL,NULL,NULL,NULL,NULL,NULL,1,NULL,NULL,NULL,NULL,NULL,NULL,NULL,NULL,NULL,1,NULL,1,NULL,0,NULL,1,NULL,NULL,NULL,NULL,NULL,NULL,NULL,1,NULL,1,0,0,NULL,NULL,NULL,NULL,NULL,NULL
aA7HJgxdAca1vdTuCIqdzQ,FQudBiBiz9bGQLF_kK8UCg,4,NULL,NULL,NULL,1,NULL,NULL,NULL,NULL,NULL,NULL,NULL,NULL,NULL,NULL,NULL,NULL,NULL,NULL,NULL,NULL,NULL,NULL,NULL,NULL,NULL,NULL,NULL,NULL,NULL,1,NULL,-1,NULL,NULL,NULL,NULL,NULL,NULL,NULL,NULL,NULL,NULL
xS7hz7n2jFEvOo8Su8x_hw,FQudBiBiz9bGQLF_kK8UCg,2,NULL,NULL,NULL,NULL,NULL,NULL,NULL,NULL,NULL,NULL,NULL,NULL,-1,NULL,NULL,NULL,NULL,NULL,NULL,0,NULL,-1,NULL,NULL,NULL,NULL,-1,0,NULL,-1,NULL,-1,NULL,-1,NULL,NULL,NULL,NULL,NULL,NULL,NULL,NULL
-Ad6HgR4EhurYmv6OcRATA,FQudBiBiz9bGQLF_kK8UCg,2,NULL,NULL,NULL,NULL,NULL,NULL,NULL,NULL,NULL,NULL,NULL,NULL,NULL,NULL,NULL,NULL,NULL,0,NULL,NULL,NULL,NULL,-1,NULL,NULL,NULL,NULL,NULL,NULL,NULL,NULL,NULL,NULL,NULL,NULL,NULL,NULL,NULL,NULL,NULL,NULL,NULL
CoQXLQN4oOcxTnH4c39kJQ,FQudBiBiz9bGQLF_kK8UCg,4,NULL,NULL,NULL,1,NULL,NULL,NULL,1,NULL,NULL,NULL,NULL,NULL,NULL,NULL,NULL,NULL,1,NULL,0,NULL,NULL,0,NULL,1,-1,NULL,NULL,NULL,NULL,NULL,-1,NULL,1,NULL,NULL,NULL,NULL,NULL,NULL,NULL,NULL
vfH_AjGyr3_9nWea9nui6Q,FQudBiBiz9bGQLF_kK8UCg,4,NULL,0,NULL,1,NULL,NULL,NULL,NULL,NULL,NULL,NULL,1,NULL,0,NULL,NULL,0,0,0,NULL,NULL,0,NULL,-1,0,0,0,1,NULL,NULL,NULL,1,NULL,0,0,0,NULL,NULL,NULL,0,-1,NULL
dwxspZtssoatXoJXPQ5ueg,FQudBiBiz9bGQLF_kK8UCg,4,NULL,NULL,NULL,1,NULL,NULL,NULL,NULL,NULL,NULL,1,-1,NULL,1,NULL,NULL,0,1,NULL,NULL,NULL,1,NULL,NULL,-1,NULL,1,1,NULL,NULL,NULL,1,NULL,NULL,1,NULL,NULL,0,-1,NULL,0,NULL
VURvHke7yvGL673wgcp9nA,FQudBiBiz9bGQLF_kK8UCg,3,NULL,NULL,NULL,NULL,NULL,NULL,NULL,1,NULL,NULL,NULL,NULL,NULL,NULL,NULL,NULL,1,1,NULL,NULL,NULL,1,NULL,1,1,NULL,NULL,NULL,NULL,NULL,NULL,1,NULL,NULL,NULL,NULL,NULL,NULL,NULL,NULL,NULL,NULL
HGE4YopYFGShFdri7KSMZw,FQudBiBiz9bGQLF_kK8UCg,2,NULL,NULL,NULL,NULL,NULL,NULL,NULL,0,NULL,NULL,NULL,NULL,NULL,NULL,NULL,NULL,NULL,NULL,NULL,0,NULL,0,0,0,0,NULL,-1,1,NULL,NULL,NULL,1,NULL,-1,NULL,NULL,NULL,NULL,-1,NULL,NULL,NULL
JDqqzdedpCgQ1XkLjeWM4g,FQudBiBiz9bGQLF_kK8UCg,4,NULL,NULL,NULL,NULL,NULL,NULL,1,NULL,NULL,NULL,NULL,NULL,NULL,NULL,NULL,NULL,NULL,0,NULL,NULL,NULL,0,-1,NULL,0,NULL,-1,NULL,NULL,-1,NULL,-1,NULL,1,1,0,NULL,NULL,NULL,NULL,0,NULL
y8ZCNq8HSGDSx7Vm-NYEOw,FQudBiBiz9bGQLF_kK8UCg,4,NULL,NULL,NULL,NULL,NULL,NULL,NULL,1,NULL,NULL,NULL,NULL,NULL,1,NULL,NULL,0,1,NULL,0,NULL,1,NULL,1,1,NULL,1,1,NULL,0,1,1,NULL,NULL,1,1,NULL,NULL,NULL,NULL,0,NULL
aAOosIA2598fl8v2mcWoWg,FQudBiBiz9bGQLF_kK8UCg,4,NULL,NULL,NULL,NULL,NULL,NULL,NULL,NULL,NULL,NULL,NULL,NULL,-1,NULL,NULL,NULL,NULL,-1,NULL,NULL,NULL,1,NULL,NULL,NULL,0,-1,NULL,NULL,NULL,NULL,1,NULL,NULL,1,NULL,NULL,NULL,NULL,NULL,NULL,NULL
vwndetc7KXo8Ld_muTbGUw,FQudBiBiz9bGQLF_kK8UCg,4,NULL,NULL,NULL,NULL,NULL,NULL,NULL,NULL,NULL,NULL,0,NULL,NULL,NULL,NULL,NULL,0,0,NULL,NULL,NULL,0,NULL,0,0,NULL,NULL,NULL,NULL,NULL,NULL,0,NULL,0,NULL,NULL,NULL,NULL,NULL,NULL,NULL,NULL
Tfe5ceT1O3tI2ONmapwYvg,-nWigG5EhFLjdSgGZthS3Q,3,NULL,NULL,NULL,NULL,NULL,NULL,NULL,0,NULL,NULL,NULL,NULL,NULL,NULL,NULL,1,-1,1,1,NULL,NULL,0,1,NULL,1,NULL,NULL,NULL,NULL,NULL,NULL,0,NULL,NULL,NULL,1,NULL,NULL,NULL,0,NULL,NULL
6cWa7A1-u93b9yc7K7rtvQ,-nWigG5EhFLjdSgGZthS3Q,1,NULL,NULL,NULL,NULL,NULL,NULL,NULL,NULL,NULL,NULL,NULL,NULL,NULL,-1,NULL,NULL,NULL,NULL,NULL,NULL,NULL,-1,NULL,NULL,NULL,NULL,NULL,NULL,NULL,NULL,-1,-1,NULL,-1,NULL,-1,NULL,NULL,NULL,NULL,NULL,NULL
D7h4xPErE8U1QODeEyU3mQ,-nWigG5EhFLjdSgGZthS3Q,3,NULL,NULL,NULL,NULL,NULL,NULL,NULL,NULL,NULL,NULL,NULL,NULL,NULL,NULL,NULL,NULL,0,NULL,NULL,1,-1,0,NULL,NULL,0,0,NULL,1,1,NULL,-1,0,NULL,-1,NULL,NULL,NULL,NULL,NULL,NULL,NULL,NULL
N-D-d1Z4UybdlkK1HxlNPA,-nWigG5EhFLjdSgGZthS3Q,5,NULL,NULL,NULL,NULL,NULL,NULL,NULL,NULL,NULL,NULL,NULL,NULL,NULL,NULL,NULL,1,1,1,NULL,NULL,NULL,1,NULL,NULL,1,NULL,NULL,1,NULL,NULL,NULL,1,NULL,1,NULL,NULL,NULL,NULL,NULL,NULL,NULL,NULL
9fTTesCwn9EO-d82ODJAnw,-nWigG5EhFLjdSgGZthS3Q,4,NULL,NULL,NULL,NULL,NULL,NULL,NULL,NULL,NULL,NULL,NULL,NULL,NULL,NULL,NULL,NULL,NULL,1,NULL,NULL,NULL,0,NULL,1,NULL,NULL,NULL,1,NULL,0,1,0,NULL,1,1,1,NULL,NULL,NULL,NULL,NULL,NULL
xiJtOY01ROyp7S0UElOmpQ,-nWigG5EhFLjdSgGZthS3Q,4,NULL,NULL,NULL,NULL,NULL,NULL,NULL,1,NULL,NULL,0,NULL,NULL,0,NULL,NULL,NULL,1,NULL,NULL,NULL,NULL,NULL,NULL,1,0,0,1,NULL,0,NULL,0,NULL,NULL,NULL,NULL,NULL,NULL,NULL,0,NULL,NULL
Mq6B0dUVFxnmRC-Ifju9aQ,-nWigG5EhFLjdSgGZthS3Q,4,NULL,NULL,NULL,NULL,NULL,NULL,NULL,NULL,NULL,NULL,NULL,NULL,NULL,NULL,NULL,NULL,0,0,NULL,NULL,NULL,NULL,NULL,NULL,NULL,NULL,NULL,1,NULL,NULL,NULL,1,NULL,NULL,NULL,NULL,NULL,NULL,NULL,NULL,NULL,NULL
yVg2fQEs20dYUBc4B9DgEQ,-nWigG5EhFLjdSgGZthS3Q,3,NULL,NULL,NULL,NULL,NULL,NULL,NULL,NULL,NULL,1,NULL,NULL,NULL,0,NULL,NULL,NULL,0,NULL,NULL,NULL,0,0,NULL,0,0,1,NULL,NULL,1,NULL,0,NULL,0,NULL,NULL,NULL,NULL,NULL,1,1,NULL
eJMgz4oi9kWw0iau3NkFkQ,-nWigG5EhFLjdSgGZthS3Q,3,NULL,NULL,NULL,NULL,NULL,NULL,NULL,NULL,1,NULL,NULL,NULL,NULL,NULL,NULL,1,NULL,0,1,1,NULL,1,1,NULL,1,NULL,-1,-1,-1,-1,0,-1,-1,1,NULL,NULL,NULL,NULL,NULL,1,1,NULL
S9W-obu91VXlBIjxs9mU5Q,-nWigG5EhFLjdSgGZthS3Q,4,NULL,0,NULL,NULL,NULL,NULL,NULL,NULL,NULL,NULL,NULL,0,NULL,NULL,NULL,1,1,-1,NULL,1,NULL,1,NULL,NULL,1,NULL,1,1,NULL,NULL,NULL,1,NULL,1,0,NULL,NULL,NULL,NULL,NULL,NULL,NULL
cTMNHWWJTi-QVRXgvDeW8g,-nWigG5EhFLjdSgGZthS3Q,4,NULL,NULL,NULL,NULL,NULL,NULL,NULL,NULL,NULL,NULL,NULL,NULL,NULL,NULL,NULL,NULL,NULL,NULL,NULL,NULL,NULL,NULL,NULL,NULL,1,NULL,NULL,NULL,NULL,NULL,NULL,1,NULL,1,NULL,NULL,NULL,NULL,NULL,NULL,1,NULL
WtsRebDEhmSBgv1FoG2p6A,-nWigG5EhFLjdSgGZthS3Q,2,NULL,NULL,NULL,NULL,NULL,NULL,NULL,NULL,0,NULL,NULL,NULL,-1,NULL,NULL,NULL,NULL,1,NULL,1,NULL,-1,NULL,0,0,NULL,-1,0,NULL,NULL,NULL,0,-1,NULL,1,NULL,NULL,NULL,NULL,NULL,0,NULL
0t6lhvLJX4lU0j_gVZBlzQ,-nWigG5EhFLjdSgGZthS3Q,5,NULL,NULL,NULL,NULL,NULL,NULL,NULL,NULL,NULL,NULL,NULL,0,0,NULL,NULL,NULL,NULL,1,NULL,NULL,NULL,1,NULL,NULL,NULL,NULL,NULL,NULL,NULL,NULL,NULL,1,NULL,1,1,NULL,NULL,NULL,NULL,NULL,0,NULL
x6C2vGSAxu-eD4aQZwn_pg,-nWigG5EhFLjdSgGZthS3Q,3,NULL,NULL,NULL,NULL,NULL,NULL,NULL,NULL,NULL,NULL,NULL,NULL,-1,NULL,NULL,1,NULL,NULL,NULL,NULL,NULL,1,NULL,NULL,NULL,NULL,NULL,NULL,NULL,NULL,NULL,NULL,NULL,NULL,0,0,NULL,NULL,NULL,NULL,NULL,NULL
ffetR-BMd0ehpf7aKYO5gw,-nWigG5EhFLjdSgGZthS3Q,4,NULL,NULL,NULL,NULL,NULL,NULL,NULL,1,NULL,1,NULL,NULL,NULL,NULL,NULL,0,-1,NULL,NULL,0,0,1,0,NULL,0,NULL,NULL,1,NULL,0,NULL,-1,NULL,NULL,NULL,0,NULL,NULL,NULL,NULL,NULL,NULL
DnH3Ua-Y9lnHSda65dGEDw,-nWigG5EhFLjdSgGZthS3Q,2,NULL,NULL,NULL,NULL,NULL,NULL,-1,NULL,NULL,NULL,NULL,NULL,NULL,NULL,NULL,1,NULL,1,0,NULL,NULL,-1,-1,NULL,-1,-1,0,-1,NULL,NULL,NULL,-1,-1,NULL,NULL,NULL,NULL,NULL,NULL,1,NULL,NULL
4ktUJ5frLvX32YZPrvDH4g,-nWigG5EhFLjdSgGZthS3Q,3,NULL,NULL,NULL,NULL,0,NULL,NULL,NULL,NULL,NULL,NULL,NULL,NULL,NULL,NULL,NULL,NULL,1,NULL,NULL,NULL,0,NULL,1,NULL,NULL,NULL,NULL,NULL,NULL,NULL,-1,NULL,NULL,NULL,NULL,NULL,NULL,NULL,NULL,NULL,NULL
BMJYJmAWbpa5VdNe8TRDPg,rLAeltELaGdQKh_LYIllEA,5,NULL,NULL,NULL,NULL,NULL,NULL,NULL,NULL,NULL,1,NULL,NULL,NULL,NULL,0,NULL,NULL,1,NULL,1,NULL,NULL,NULL,NULL,1,NULL,NULL,NULL,NULL,NULL,NULL,0,NULL,1,NULL,NULL,NULL,NULL,NULL,NULL,NULL,NULL
gOvKWYXobX_Pgzsz-K8auA,rLAeltELaGdQKh_LYIllEA,5,NULL,NULL,NULL,NULL,NULL,NULL,NULL,NULL,0,NULL,NULL,NULL,NULL,1,NULL,NULL,0,0,NULL,NULL,NULL,-1,NULL,NULL,1,NULL,-1,NULL,NULL,NULL,NULL,0,NULL,1,NULL,NULL,NULL,NULL,NULL,NULL,1,NULL
kDJ9PRlYugp5RIa9ontPZg,rLAeltELaGdQKh_LYIllEA,5,NULL,NULL,NULL,NULL,NULL,NULL,NULL,NULL,NULL,1,NULL,NULL,NULL,0,NULL,NULL,NULL,1,NULL,NULL,NULL,1,NULL,NULL,NULL,NULL,NULL,NULL,NULL,NULL,NULL,1,NULL,1,NULL,NULL,NULL,NULL,NULL,NULL,NULL,NULL
sU979Oghvi6Q6vCJ7tplbA,rLAeltELaGdQKh_LYIllEA,5,NULL,NULL,NULL,NULL,NULL,NULL,NULL,NULL,1,NULL,NULL,NULL,NULL,1,NULL,NULL,NULL,1,NULL,NULL,NULL,1,NULL,NULL,NULL,NULL,NULL,NULL,NULL,NULL,NULL,NULL,NULL,1,NULL,NULL,NULL,NULL,NULL,NULL,NULL,NULL
GubdNFoDAsiwE6bWIr97cQ,rLAeltELaGdQKh_LYIllEA,4,NULL,NULL,NULL,0,NULL,NULL,NULL,NULL,NULL,NULL,NULL,NULL,NULL,NULL,0,NULL,NULL,NULL,NULL,NULL,NULL,1,NULL,NULL,-1,NULL,-1,NULL,NULL,NULL,0,-1,NULL,1,NULL,NULL,NULL,NULL,NULL,NULL,NULL,NULL
llkm_iXQszkN5DZvmqjNqA,rLAeltELaGdQKh_LYIllEA,5,NULL,NULL,NULL,NULL,NULL,NULL,NULL,NULL,NULL,NULL,NULL,NULL,NULL,NULL,NULL,NULL,NULL,NULL,NULL,NULL,NULL,0,NULL,NULL,1,NULL,NULL,NULL,NULL,NULL,NULL,NULL,NULL,1,NULL,NULL,NULL,NULL,NULL,NULL,NULL,NULL
YoBgKOdfpGH48LpIDSfoQQ,rLAeltELaGdQKh_LYIllEA,4,NULL,NULL,NULL,NULL,NULL,NULL,NULL,NULL,NULL,NULL,NULL,NULL,NULL,1,NULL,NULL,NULL,NULL,NULL,NULL,NULL,NULL,NULL,NULL,NULL,NULL,NULL,NULL,NULL,NULL,NULL,NULL,NULL,NULL,NULL,1,NULL,NULL,NULL,NULL,NULL,NULL
g84VjttN28PWiv_WtdhnSQ,rLAeltELaGdQKh_LYIllEA,3,NULL,NULL,NULL,NULL,NULL,NULL,NULL,NULL,0,NULL,NULL,NULL,NULL,1,NULL,NULL,NULL,NULL,NULL,NULL,-1,NULL,NULL,NULL,NULL,NULL,-1,NULL,NULL,NULL,0,NULL,NULL,NULL,NULL,NULL,NULL,NULL,NULL,NULL,0,NULL
RT6qe2ZAANWsBBZLhbTxKw,rLAeltELaGdQKh_LYIllEA,5,NULL,NULL,NULL,NULL,NULL,NULL,NULL,NULL,NULL,NULL,NULL,NULL,NULL,NULL,0,NULL,NULL,1,NULL,0,NULL,1,NULL,NULL,NULL,0,NULL,1,NULL,NULL,1,1,NULL,0,NULL,NULL,NULL,NULL,NULL,NULL,NULL,NULL
AYtex99aRrvPsIWvEwN7Nw,rLAeltELaGdQKh_LYIllEA,5,NULL,NULL,NULL,NULL,NULL,NULL,NULL,NULL,1,NULL,NULL,NULL,NULL,NULL,NULL,NULL,NULL,1,NULL,NULL,NULL,1,NULL,NULL,NULL,1,NULL,NULL,NULL,NULL,NULL,1,NULL,1,1,NULL,NULL,1,NULL,NULL,1,NULL
4GJWpmNh6RIe0AW4wj8PEg,rLAeltELaGdQKh_LYIllEA,5,NULL,NULL,NULL,NULL,NULL,NULL,NULL,NULL,1,1,NULL,1,NULL,1,NULL,NULL,NULL,NULL,NULL,NULL,NULL,1,NULL,NULL,NULL,NULL,NULL,NULL,NULL,NULL,NULL,1,NULL,1,1,NULL,NULL,NULL,NULL,NULL,NULL,NULL
pCfT_uv-M8GtVGWYU06X4A,rLAeltELaGdQKh_LYIllEA,4,1,NULL,NULL,NULL,-1,NULL,NULL,NULL,NULL,NULL,NULL,1,NULL,0,NULL,NULL,NULL,NULL,NULL,NULL,NULL,0,NULL,NULL,0,NULL,1,0,NULL,NULL,0,1,NULL,1,NULL,NULL,NULL,NULL,NULL,1,NULL,NULL
LVXshh7j6lDfdiPK2PAG2w,rLAeltELaGdQKh_LYIllEA,3,NULL,NULL,NULL,NULL,NULL,NULL,NULL,NULL,0,NULL,NULL,NULL,NULL,NULL,NULL,NULL,NULL,NULL,NULL,1,NULL,0,NULL,NULL,-1,NULL,NULL,NULL,NULL,NULL,0,0,NULL,1,NULL,NULL,NULL,NULL,NULL,NULL,0,NULL
fczQCSmaWF78toLEmb0Zsw,rLAeltELaGdQKh_LYIllEA,5,NULL,NULL,NULL,NULL,NULL,NULL,NULL,NULL,NULL,NULL,NULL,NULL,NULL,NULL,NULL,NULL,-1,-1,NULL,NULL,NULL,0,NULL,NULL,NULL,NULL,NULL,NULL,NULL,NULL,NULL,NULL,NULL,NULL,NULL,NULL,NULL,1,NULL,NULL,NULL,NULL
ToIcMshsBV7T63EAq59Sog,rLAeltELaGdQKh_LYIllEA,5,NULL,NULL,NULL,NULL,NULL,NULL,NULL,NULL,NULL,NULL,NULL,NULL,NULL,NULL,NULL,NULL,1,1,NULL,NULL,1,NULL,NULL,NULL,NULL,0,NULL,NULL,1,NULL,1,1,NULL,NULL,NULL,NULL,NULL,1,NULL,NULL,NULL,NULL
rY0T1Sx-kSeSHgnPbLOA1g,rLAeltELaGdQKh_LYIllEA,5,NULL,NULL,NULL,NULL,NULL,NULL,NULL,NULL,NULL,NULL,NULL,NULL,NULL,NULL,NULL,NULL,NULL,1,NULL,NULL,NULL,1,NULL,NULL,NULL,NULL,NULL,NULL,NULL,NULL,1,1,NULL,NULL,NULL,NULL,NULL,NULL,NULL,NULL,0,NULL
AvfoSdb4fXZQd3fJq0jgFA,rLAeltELaGdQKh_LYIllEA,4,NULL,NULL,NULL,NULL,NULL,NULL,NULL,0,NULL,NULL,NULL,NULL,NULL,0,NULL,1,NULL,NULL,NULL,NULL,NULL,NULL,NULL,NULL,NULL,0,NULL,NULL,NULL,NULL,NULL,NULL,NULL,1,NULL,NULL,NULL,NULL,NULL,NULL,0,NULL
7GYMv8LXlYCX6cFh3OmMEQ,rLAeltELaGdQKh_LYIllEA,5,NULL,NULL,NULL,NULL,NULL,NULL,NULL,NULL,NULL,NULL,NULL,NULL,NULL,NULL,NULL,NULL,NULL,0,NULL,NULL,-1,0,NULL,NULL,NULL,NULL,NULL,NULL,NULL,NULL,NULL,1,NULL,1,NULL,NULL,NULL,NULL,NULL,NULL,-1,NULL
pmOOYVwtlo3v0CESn7no-A,rLAeltELaGdQKh_LYIllEA,3,NULL,NULL,NULL,NULL,NULL,NULL,1,NULL,1,NULL,-1,0,0,NULL,NULL,NULL,1,1,NULL,1,NULL,1,NULL,NULL,NULL,NULL,0,NULL,NULL,NULL,1,0,NULL,0,1,NULL,-1,NULL,NULL,NULL,0,NULL
__b7YV2PZCin-nL2KC4RKg,rLAeltELaGdQKh_LYIllEA,4,1,NULL,NULL,NULL,NULL,NULL,NULL,NULL,NULL,NULL,NULL,NULL,NULL,-1,NULL,NULL,NULL,-1,NULL,NULL,NULL,1,NULL,NULL,NULL,NULL,NULL,NULL,NULL,NULL,NULL,NULL,NULL,NULL,NULL,NULL,NULL,NULL,NULL,NULL,-1,NULL
GU9ITiwbv9Qle62DOpkRzA,rLAeltELaGdQKh_LYIllEA,4,NULL,NULL,NULL,NULL,NULL,NULL,NULL,NULL,1,NULL,NULL,NULL,NULL,1,NULL,NULL,NULL,NULL,NULL,NULL,NULL,1,NULL,1,NULL,NULL,NULL,1,NULL,NULL,1,1,NULL,1,NULL,NULL,NULL,NULL,NULL,NULL,1,NULL
h9d3VW5RTJymoFoLnN60_w,rLAeltELaGdQKh_LYIllEA,5,NULL,NULL,NULL,NULL,NULL,NULL,NULL,NULL,1,NULL,NULL,NULL,NULL,NULL,NULL,NULL,NULL,NULL,NULL,1,NULL,0,NULL,NULL,NULL,NULL,NULL,1,NULL,NULL,NULL,1,NULL,NULL,NULL,NULL,NULL,NULL,NULL,NULL,0,NULL
rxGMXiiZyxwnYUrWP1OJTQ,rLAeltELaGdQKh_LYIllEA,5,NULL,NULL,NULL,NULL,NULL,NULL,NULL,NULL,NULL,1,NULL,NULL,NULL,-1,NULL,NULL,NULL,1,0,-1,NULL,-1,NULL,NULL,NULL,NULL,NULL,NULL,NULL,NULL,NULL,0,NULL,1,NULL,NULL,NULL,NULL,NULL,NULL,NULL,NULL
wiefsZpIGt3b4ijUwsC4Jw,rLAeltELaGdQKh_LYIllEA,4,NULL,NULL,NULL,NULL,1,NULL,NULL,NULL,1,NULL,NULL,NULL,NULL,NULL,NULL,NULL,NULL,NULL,NULL,1,NULL,1,NULL,1,NULL,NULL,1,NULL,NULL,NULL,0,0,NULL,1,1,NULL,NULL,NULL,NULL,0,1,NULL
NiWYlka6NYK4fUB-KXZlFw,rLAeltELaGdQKh_LYIllEA,3,NULL,NULL,NULL,NULL,NULL,NULL,NULL,NULL,1,1,NULL,NULL,NULL,NULL,NULL,NULL,NULL,0,NULL,NULL,NULL,NULL,NULL,NULL,NULL,NULL,NULL,NULL,NULL,NULL,NULL,0,NULL,NULL,NULL,NULL,NULL,NULL,NULL,NULL,0,NULL
XTnQ-zgIXJk8ZjZO9Xv6GA,rLAeltELaGdQKh_LYIllEA,5,NULL,NULL,NULL,NULL,NULL,NULL,NULL,NULL,0,NULL,NULL,NULL,NULL,NULL,NULL,NULL,1,0,NULL,0,1,1,NULL,NULL,NULL,0,0,1,NULL,NULL,1,0,NULL,1,NULL,NULL,NULL,NULL,0,NULL,NULL,NULL
fbIRBP0vfMo9fOFeLRnWMg,rLAeltELaGdQKh_LYIllEA,4,NULL,NULL,NULL,NULL,NULL,NULL,NULL,NULL,NULL,NULL,NULL,NULL,NULL,0,NULL,NULL,0,0,1,NULL,NULL,1,NULL,1,0,NULL,NULL,NULL,NULL,NULL,NULL,0,NULL,0,0,NULL,NULL,-1,NULL,NULL,0,NULL
P5zCCAcHzs-qXT-9Va4ymg,rLAeltELaGdQKh_LYIllEA,5,NULL,NULL,NULL,NULL,NULL,NULL,NULL,NULL,NULL,1,NULL,NULL,NULL,NULL,NULL,NULL,NULL,NULL,NULL,NULL,NULL,0,NULL,NULL,NULL,NULL,NULL,NULL,NULL,NULL,NULL,NULL,NULL,1,NULL,NULL,NULL,NULL,NULL,NULL,NULL,NULL
S0zTAffTMx-M76-yNlWVjg,rLAeltELaGdQKh_LYIllEA,4,NULL,NULL,NULL,NULL,NULL,NULL,NULL,NULL,NULL,NULL,NULL,NULL,NULL,NULL,NULL,NULL,-1,-1,NULL,NULL,NULL,NULL,NULL,NULL,NULL,NULL,NULL,NULL,1,NULL,NULL,1,NULL,0,NULL,NULL,NULL,NULL,NULL,NULL,-1,NULL
h7v_M_0-YVpSVZ2WD7FpAA,rLAeltELaGdQKh_LYIllEA,5,NULL,NULL,NULL,1,NULL,NULL,NULL,NULL,NULL,NULL,NULL,NULL,NULL,NULL,NULL,NULL,NULL,1,NULL,NULL,NULL,NULL,NULL,NULL,NULL,NULL,1,NULL,NULL,NULL,NULL,-1,NULL,NULL,NULL,NULL,NULL,NULL,NULL,NULL,NULL,NULL
Go2814QDx0H4ysBslRBt3g,rLAeltELaGdQKh_LYIllEA,5,NULL,NULL,NULL,NULL,NULL,NULL,NULL,NULL,NULL,NULL,NULL,NULL,NULL,1,NULL,NULL,NULL,1,0,1,NULL,1,NULL,NULL,NULL,NULL,1,NULL,NULL,NULL,1,NULL,NULL,1,NULL,NULL,NULL,NULL,NULL,NULL,NULL,NULL
PmL8qk1tFoOUluBdOLPxFA,rLAeltELaGdQKh_LYIllEA,5,NULL,NULL,NULL,NULL,NULL,NULL,NULL,NULL,0,NULL,NULL,NULL,NULL,NULL,NULL,NULL,NULL,NULL,NULL,0,NULL,1,NULL,NULL,NULL,NULL,NULL,NULL,NULL,NULL,NULL,NULL,NULL,NULL,NULL,NULL,NULL,NULL,NULL,NULL,NULL,NULL
1tQZrkIweF1iv2RrU_dxJg,rLAeltELaGdQKh_LYIllEA,5,NULL,NULL,NULL,NULL,NULL,NULL,NULL,NULL,1,NULL,NULL,1,NULL,1,NULL,NULL,0,0,NULL,NULL,NULL,1,NULL,NULL,-1,NULL,-1,NULL,NULL,NULL,NULL,1,NULL,1,0,NULL,NULL,NULL,NULL,NULL,NULL,NULL
gQyOwXDSPGgZ_ngw89Dkug,rLAeltELaGdQKh_LYIllEA,5,1,NULL,NULL,1,NULL,NULL,NULL,NULL,1,NULL,NULL,NULL,NULL,0,NULL,NULL,1,0,NULL,1,NULL,1,NULL,NULL,NULL,0,0,NULL,NULL,NULL,1,1,NULL,1,0,NULL,NULL,NULL,NULL,1,1,NULL
e3i2J-cBKJoP9Mth5uolhw,rLAeltELaGdQKh_LYIllEA,1,NULL,NULL,NULL,NULL,NULL,NULL,NULL,NULL,NULL,1,NULL,NULL,NULL,0,NULL,NULL,NULL,NULL,NULL,NULL,NULL,1,NULL,NULL,0,0,NULL,NULL,NULL,NULL,NULL,NULL,NULL,0,0,NULL,NULL,0,NULL,NULL,NULL,NULL
vhxFLqRok6r-D_aQz0s-JQ,rLAeltELaGdQKh_LYIllEA,5,NULL,NULL,NULL,NULL,NULL,NULL,NULL,NULL,NULL,NULL,NULL,NULL,NULL,NULL,NULL,NULL,NULL,NULL,NULL,NULL,NULL,1,NULL,NULL,1,NULL,NULL,NULL,NULL,NULL,NULL,1,NULL,0,NULL,NULL,NULL,NULL,NULL,NULL,-1,NULL
aVHwMeRiIcdg_0zR6_o44w,rLAeltELaGdQKh_LYIllEA,5,1,NULL,NULL,NULL,NULL,NULL,NULL,NULL,NULL,NULL,NULL,NULL,NULL,1,1,NULL,0,0,NULL,0,NULL,1,NULL,NULL,NULL,NULL,NULL,NULL,NULL,NULL,NULL,NULL,NULL,1,NULL,NULL,NULL,NULL,NULL,NULL,NULL,NULL
9vxUUOoasnu8gtoXRwAhYw,rLAeltELaGdQKh_LYIllEA,5,1,NULL,NULL,0,NULL,NULL,NULL,NULL,0,1,NULL,NULL,NULL,NULL,NULL,NULL,NULL,1,NULL,NULL,1,NULL,NULL,NULL,-1,NULL,1,NULL,NULL,NULL,0,0,NULL,1,NULL,NULL,NULL,NULL,NULL,NULL,NULL,NULL
zqnAdayPsak5dbLF2gEvNw,rLAeltELaGdQKh_LYIllEA,5,NULL,NULL,NULL,NULL,NULL,1,NULL,NULL,NULL,NULL,NULL,NULL,NULL,NULL,NULL,NULL,1,NULL,NULL,1,NULL,1,NULL,NULL,NULL,NULL,NULL,NULL,NULL,NULL,NULL,NULL,NULL,NULL,NULL,NULL,NULL,NULL,NULL,NULL,1,NULL
DDo7BexMbY1YAgEJLHumUA,rLAeltELaGdQKh_LYIllEA,5,NULL,NULL,NULL,NULL,NULL,NULL,NULL,NULL,NULL,NULL,NULL,NULL,NULL,NULL,NULL,NULL,NULL,1,NULL,NULL,NULL,1,NULL,NULL,NULL,NULL,NULL,NULL,NULL,NULL,NULL,NULL,NULL,1,NULL,NULL,NULL,NULL,NULL,NULL,1,NULL
rSbqoimVUWPEbNSGwyjI-Q,rLAeltELaGdQKh_LYIllEA,5,NULL,NULL,NULL,NULL,NULL,NULL,NULL,NULL,NULL,NULL,1,NULL,NULL,0,NULL,NULL,NULL,NULL,NULL,NULL,NULL,1,NULL,NULL,1,NULL,NULL,NULL,NULL,NULL,NULL,1,NULL,NULL,1,NULL,NULL,NULL,NULL,NULL,NULL,NULL
bG-r4zndr1xuon0pHbUrcg,rLAeltELaGdQKh_LYIllEA,5,NULL,NULL,NULL,NULL,NULL,NULL,NULL,-1,1,NULL,NULL,NULL,-1,1,NULL,NULL,0,1,NULL,NULL,NULL,-1,NULL,NULL,0,NULL,1,NULL,NULL,NULL,1,1,-1,1,NULL,NULL,NULL,1,NULL,NULL,NULL,NULL
fREQimvpmtkHn5XwhbyB4A,rLAeltELaGdQKh_LYIllEA,5,NULL,NULL,NULL,NULL,NULL,NULL,NULL,NULL,NULL,NULL,NULL,NULL,NULL,1,NULL,NULL,NULL,NULL,NULL,NULL,NULL,1,NULL,NULL,NULL,NULL,0,1,NULL,NULL,1,0,1,1,NULL,NULL,NULL,NULL,NULL,NULL,NULL,NULL
X_kPh3nt0AJPNPHye2rTlA,rLAeltELaGdQKh_LYIllEA,5,NULL,NULL,NULL,NULL,NULL,NULL,NULL,NULL,0,NULL,NULL,1,NULL,0,NULL,NULL,NULL,1,NULL,NULL,1,0,NULL,NULL,NULL,NULL,NULL,NULL,NULL,NULL,NULL,1,NULL,NULL,NULL,NULL,NULL,NULL,NULL,NULL,1,NULL
IvRd0WE0LmU5QL2iPBUUqg,rLAeltELaGdQKh_LYIllEA,5,NULL,NULL,NULL,NULL,NULL,NULL,NULL,NULL,NULL,NULL,NULL,NULL,NULL,NULL,NULL,NULL,NULL,NULL,1,NULL,NULL,0,NULL,NULL,0,0,NULL,NULL,NULL,NULL,NULL,1,NULL,1,NULL,NULL,NULL,NULL,NULL,NULL,NULL,NULL
OksbhhgC71Ary3zNHMypeQ,rLAeltELaGdQKh_LYIllEA,5,NULL,NULL,NULL,NULL,NULL,NULL,NULL,NULL,1,NULL,NULL,NULL,-1,0,NULL,NULL,0,NULL,NULL,NULL,NULL,NULL,NULL,NULL,NULL,-1,NULL,NULL,NULL,NULL,NULL,NULL,NULL,-1,NULL,NULL,NULL,NULL,NULL,NULL,0,NULL
jEYQNYkoZGS7foGUUyfCwg,rLAeltELaGdQKh_LYIllEA,5,NULL,NULL,NULL,1,NULL,1,NULL,NULL,NULL,NULL,NULL,NULL,NULL,NULL,NULL,NULL,NULL,NULL,NULL,1,NULL,1,NULL,NULL,1,NULL,NULL,NULL,NULL,NULL,NULL,NULL,NULL,1,NULL,NULL,NULL,NULL,NULL,NULL,1,NULL
UsShQth4ThCaxi5rvxGRKA,rLAeltELaGdQKh_LYIllEA,5,NULL,NULL,NULL,NULL,NULL,NULL,NULL,NULL,NULL,NULL,1,NULL,NULL,1,1,NULL,0,1,-1,0,NULL,1,NULL,NULL,-1,NULL,NULL,-1,NULL,NULL,NULL,-1,NULL,NULL,NULL,NULL,NULL,NULL,NULL,NULL,0,NULL
